./data/linux/prod_1_1.cnf|4.265531063079834|0.845858097076416|1|2|58|2|FastDiagP_V4_1|solver_apps/org.sat4j.core.jar|[(12083, [246])]
./data/linux/prod_1_1.cnf|3.388705015182495|0.8878922462463379|1|3|58|4|FastDiagP_V4_1|solver_apps/org.sat4j.core.jar|[(12083, [246])]
./data/linux/prod_1_1.cnf|3.4944188594818115|1.175297737121582|1|4|58|6|FastDiagP_V4_1|solver_apps/org.sat4j.core.jar|[(12083, [246])]
./data/linux/prod_1_1.cnf|3.3284528255462646|1.3429529666900635|1|7|58|8|FastDiagP_V4_1|solver_apps/org.sat4j.core.jar|[(12083, [246])]
./data/linux/prod_1_2.cnf|3.273782968521118|0.5333569049835205|1|5|40|2|FastDiagP_V4_1|solver_apps/org.sat4j.core.jar|[(12113, [119])]
./data/linux/prod_1_2.cnf|2.724116086959839|0.5665335655212402|1|4|40|4|FastDiagP_V4_1|solver_apps/org.sat4j.core.jar|[(12113, [119])]
./data/linux/prod_1_2.cnf|2.7720367908477783|0.601851224899292|1|4|40|6|FastDiagP_V4_1|solver_apps/org.sat4j.core.jar|[(12113, [119])]
./data/linux/prod_1_2.cnf|2.8691461086273193|0.7486050128936768|1|6|40|8|FastDiagP_V4_1|solver_apps/org.sat4j.core.jar|[(12113, [119])]
./data/linux/prod_1_3.cnf|3.6621880531311035|0.6732678413391113|1|3|47|2|FastDiagP_V4_1|solver_apps/org.sat4j.core.jar|[(12076, [-2])]
./data/linux/prod_1_3.cnf|2.945927858352661|0.7020070552825928|1|4|47|4|FastDiagP_V4_1|solver_apps/org.sat4j.core.jar|[(12076, [-2])]
./data/linux/prod_1_3.cnf|2.948709011077881|0.9534778594970703|1|6|47|6|FastDiagP_V4_1|solver_apps/org.sat4j.core.jar|[(12076, [-2])]
./data/linux/prod_1_3.cnf|3.138362169265747|1.0599358081817627|1|6|47|8|FastDiagP_V4_1|solver_apps/org.sat4j.core.jar|[(12076, [-2])]
./data/linux/prod_1_4.cnf|3.1290369033813477|0.493466854095459|1|3|38|2|FastDiagP_V4_1|solver_apps/org.sat4j.core.jar|[(12077, [119])]
./data/linux/prod_1_4.cnf|2.6998329162597656|0.5162191390991211|1|4|38|4|FastDiagP_V4_1|solver_apps/org.sat4j.core.jar|[(12077, [119])]
./data/linux/prod_1_4.cnf|2.7082927227020264|0.5842483043670654|1|4|38|6|FastDiagP_V4_1|solver_apps/org.sat4j.core.jar|[(12077, [119])]
./data/linux/prod_1_4.cnf|2.7230660915374756|0.6608519554138184|1|5|38|8|FastDiagP_V4_1|solver_apps/org.sat4j.core.jar|[(12077, [119])]
./data/linux/prod_1_5.cnf|3.764986991882324|0.684990406036377|1|4|48|2|FastDiagP_V4_1|solver_apps/org.sat4j.core.jar|[(12084, [119])]
./data/linux/prod_1_5.cnf|3.073215961456299|0.7273597717285156|1|4|48|4|FastDiagP_V4_1|solver_apps/org.sat4j.core.jar|[(12084, [119])]
./data/linux/prod_1_5.cnf|3.090775966644287|0.8462893962860107|1|7|48|6|FastDiagP_V4_1|solver_apps/org.sat4j.core.jar|[(12084, [119])]
./data/linux/prod_1_5.cnf|3.124594211578369|0.9377532005310059|1|6|48|8|FastDiagP_V4_1|solver_apps/org.sat4j.core.jar|[(12084, [119])]
./data/linux/prod_1_6.cnf|3.6256818771362305|0.671222448348999|1|2|47|2|FastDiagP_V4_1|solver_apps/org.sat4j.core.jar|[(12081, [-2])]
./data/linux/prod_1_6.cnf|2.9413299560546875|0.7079710960388184|1|5|47|4|FastDiagP_V4_1|solver_apps/org.sat4j.core.jar|[(12081, [-2])]
./data/linux/prod_1_6.cnf|3.0329742431640625|1.0675604343414307|1|4|47|6|FastDiagP_V4_1|solver_apps/org.sat4j.core.jar|[(12081, [-2])]
./data/linux/prod_1_6.cnf|3.0961809158325195|0.9409599304199219|1|5|47|8|FastDiagP_V4_1|solver_apps/org.sat4j.core.jar|[(12081, [-2])]
./data/linux/prod_1_7.cnf|3.880754232406616|0.729487419128418|1|4|50|2|FastDiagP_V4_1|solver_apps/org.sat4j.core.jar|[(12079, [196])]
./data/linux/prod_1_7.cnf|3.138118267059326|0.7959179878234863|1|8|50|4|FastDiagP_V4_1|solver_apps/org.sat4j.core.jar|[(12079, [196])]
./data/linux/prod_1_7.cnf|3.1280839443206787|0.9465608596801758|1|3|50|6|FastDiagP_V4_1|solver_apps/org.sat4j.core.jar|[(12079, [196])]
./data/linux/prod_1_7.cnf|3.1924731731414795|1.2566819190979004|1|8|50|8|FastDiagP_V4_1|solver_apps/org.sat4j.core.jar|[(12079, [196])]
./data/linux/prod_1_8.cnf|3.0092339515686035|0.38118410110473633|1|4|31|2|FastDiagP_V4_1|solver_apps/org.sat4j.core.jar|[(12079, [-2])]
./data/linux/prod_1_8.cnf|2.535398244857788|0.3980977535247803|1|5|31|4|FastDiagP_V4_1|solver_apps/org.sat4j.core.jar|[(12079, [-2])]
./data/linux/prod_1_8.cnf|2.49947190284729|0.4105491638183594|1|4|31|6|FastDiagP_V4_1|solver_apps/org.sat4j.core.jar|[(12079, [-2])]
./data/linux/prod_1_8.cnf|2.5109610557556152|0.43416690826416016|1|4|31|8|FastDiagP_V4_1|solver_apps/org.sat4j.core.jar|[(12079, [-2])]
./data/linux/prod_1_9.cnf|3.0123701095581055|0.38356637954711914|1|4|31|2|FastDiagP_V4_1|solver_apps/org.sat4j.core.jar|[(12081, [-103])]
./data/linux/prod_1_9.cnf|2.5606987476348877|0.39984679222106934|1|5|31|4|FastDiagP_V4_1|solver_apps/org.sat4j.core.jar|[(12081, [-103])]
./data/linux/prod_1_9.cnf|2.522185802459717|0.4609968662261963|1|5|31|6|FastDiagP_V4_1|solver_apps/org.sat4j.core.jar|[(12081, [-103])]
./data/linux/prod_1_9.cnf|2.547456979751587|0.4445672035217285|1|3|31|8|FastDiagP_V4_1|solver_apps/org.sat4j.core.jar|[(12081, [-103])]
./data/linux/prod_1_10.cnf|3.1141300201416016|0.4923586845397949|1|4|38|2|FastDiagP_V4_1|solver_apps/org.sat4j.core.jar|[(12091, [-2])]
./data/linux/prod_1_10.cnf|2.6744959354400635|0.5190813541412354|1|4|38|4|FastDiagP_V4_1|solver_apps/org.sat4j.core.jar|[(12091, [-2])]
./data/linux/prod_1_10.cnf|2.7097249031066895|0.5417721271514893|1|6|38|6|FastDiagP_V4_1|solver_apps/org.sat4j.core.jar|[(12091, [-2])]
./data/linux/prod_1_10.cnf|2.7520570755004883|0.5492730140686035|1|8|38|8|FastDiagP_V4_1|solver_apps/org.sat4j.core.jar|[(12091, [-2])]
./data/linux/prod_2_1.cnf|4.890176773071289|0.8993732929229736|1|4|64|2|FastDiagP_V4_1|solver_apps/org.sat4j.core.jar|[(12077, [246]), (12104, [196])]
./data/linux/prod_2_1.cnf|3.816478967666626|0.9678609371185303|1|4|64|4|FastDiagP_V4_1|solver_apps/org.sat4j.core.jar|[(12077, [246]), (12104, [196])]
./data/linux/prod_2_1.cnf|3.72019624710083|1.0429081916809082|1|5|64|6|FastDiagP_V4_1|solver_apps/org.sat4j.core.jar|[(12077, [246]), (12104, [196])]
./data/linux/prod_2_1.cnf|3.7638909816741943|1.213106393814087|1|8|64|8|FastDiagP_V4_1|solver_apps/org.sat4j.core.jar|[(12077, [246]), (12104, [196])]
./data/linux/prod_2_2.cnf|4.678081035614014|0.8226885795593262|1|3|62|2|FastDiagP_V4_1|solver_apps/org.sat4j.core.jar|[(12089, [196]), (12120, [119])]
./data/linux/prod_2_2.cnf|3.6752309799194336|0.9722814559936523|1|3|62|4|FastDiagP_V4_1|solver_apps/org.sat4j.core.jar|[(12089, [196]), (12120, [119])]
./data/linux/prod_2_2.cnf|3.640422821044922|1.1468877792358398|1|6|62|6|FastDiagP_V4_1|solver_apps/org.sat4j.core.jar|[(12089, [196]), (12120, [119])]
./data/linux/prod_2_2.cnf|3.6687023639678955|1.1678452491760254|1|6|62|8|FastDiagP_V4_1|solver_apps/org.sat4j.core.jar|[(12089, [196]), (12120, [119])]
./data/linux/prod_2_3.cnf|4.608144044876099|0.8375213146209717|1|3|61|2|FastDiagP_V4_1|solver_apps/org.sat4j.core.jar|[(12088, [196]), (12103, [-107])]
./data/linux/prod_2_3.cnf|3.5699422359466553|0.8903591632843018|1|3|61|4|FastDiagP_V4_1|solver_apps/org.sat4j.core.jar|[(12088, [196]), (12103, [-107])]
./data/linux/prod_2_3.cnf|3.5792651176452637|1.125594139099121|1|6|61|6|FastDiagP_V4_1|solver_apps/org.sat4j.core.jar|[(12088, [196]), (12103, [-107])]
./data/linux/prod_2_3.cnf|3.701896905899048|1.1800932884216309|1|6|61|8|FastDiagP_V4_1|solver_apps/org.sat4j.core.jar|[(12088, [196]), (12103, [-107])]
./data/linux/prod_2_4.cnf|5.761030912399292|1.167100191116333|1|3|80|2|FastDiagP_V4_1|solver_apps/org.sat4j.core.jar|[(12085, [119]), (12109, [196])]
./data/linux/prod_2_4.cnf|4.332980155944824|1.2998065948486328|1|3|80|4|FastDiagP_V4_1|solver_apps/org.sat4j.core.jar|[(12085, [119]), (12109, [196])]
./data/linux/prod_2_4.cnf|4.25018310546875|1.6701905727386475|1|6|80|6|FastDiagP_V4_1|solver_apps/org.sat4j.core.jar|[(12085, [119]), (12109, [196])]
./data/linux/prod_2_4.cnf|4.392876625061035|1.9830050468444824|1|10|80|8|FastDiagP_V4_1|solver_apps/org.sat4j.core.jar|[(12085, [119]), (12109, [196])]
./data/linux/prod_2_5.cnf|4.627887964248657|0.871307373046875|1|5|60|2|FastDiagP_V4_1|solver_apps/org.sat4j.core.jar|[(12090, [119]), (12107, [-2])]
./data/linux/prod_2_5.cnf|3.739013195037842|0.9177258014678955|1|6|60|4|FastDiagP_V4_1|solver_apps/org.sat4j.core.jar|[(12090, [119]), (12107, [-2])]
./data/linux/prod_2_5.cnf|3.6788458824157715|1.16499662399292|1|8|60|6|FastDiagP_V4_1|solver_apps/org.sat4j.core.jar|[(12090, [119]), (12107, [-2])]
./data/linux/prod_2_5.cnf|3.663050889968872|1.1261582374572754|1|6|60|8|FastDiagP_V4_1|solver_apps/org.sat4j.core.jar|[(12090, [119]), (12107, [-2])]
./data/linux/prod_2_6.cnf|4.398505210876465|0.8207170963287354|1|3|56|2|FastDiagP_V4_1|solver_apps/org.sat4j.core.jar|[(12085, [-10]), (12092, [-2])]
./data/linux/prod_2_6.cnf|3.5497360229492188|0.8558001518249512|1|4|56|4|FastDiagP_V4_1|solver_apps/org.sat4j.core.jar|[(12085, [-10]), (12092, [-2])]
./data/linux/prod_2_6.cnf|3.4654667377471924|1.0245733261108398|1|7|56|6|FastDiagP_V4_1|solver_apps/org.sat4j.core.jar|[(12085, [-10]), (12092, [-2])]
./data/linux/prod_2_6.cnf|3.4322779178619385|1.082170009613037|1|7|56|8|FastDiagP_V4_1|solver_apps/org.sat4j.core.jar|[(12085, [-10]), (12092, [-2])]
./data/linux/prod_2_7.cnf|4.58795428276062|0.7937860488891602|1|5|58|2|FastDiagP_V4_1|solver_apps/org.sat4j.core.jar|[(12087, [119]), (12101, [-10])]
./data/linux/prod_2_7.cnf|3.5626630783081055|0.8845961093902588|1|4|58|4|FastDiagP_V4_1|solver_apps/org.sat4j.core.jar|[(12087, [119]), (12101, [-10])]
./data/linux/prod_2_7.cnf|3.476270914077759|1.1187434196472168|1|7|58|6|FastDiagP_V4_1|solver_apps/org.sat4j.core.jar|[(12087, [119]), (12101, [-10])]
./data/linux/prod_2_7.cnf|3.5305542945861816|1.3239593505859375|1|10|58|8|FastDiagP_V4_1|solver_apps/org.sat4j.core.jar|[(12087, [119]), (12101, [-10])]
./data/linux/prod_2_8.cnf|5.671696186065674|1.0996367931365967|1|3|77|2|FastDiagP_V4_1|solver_apps/org.sat4j.core.jar|[(12085, [196]), (12090, [119])]
./data/linux/prod_2_8.cnf|4.295202016830444|1.1863367557525635|1|4|77|4|FastDiagP_V4_1|solver_apps/org.sat4j.core.jar|[(12085, [196]), (12090, [119])]
./data/linux/prod_2_8.cnf|4.207729816436768|1.5926060676574707|1|6|77|6|FastDiagP_V4_1|solver_apps/org.sat4j.core.jar|[(12085, [196]), (12090, [119])]
./data/linux/prod_2_8.cnf|4.269988059997559|1.8761463165283203|1|10|77|8|FastDiagP_V4_1|solver_apps/org.sat4j.core.jar|[(12085, [196]), (12090, [119])]
./data/linux/prod_2_9.cnf|3.7460899353027344|0.5722293853759766|1|4|41|2|FastDiagP_V4_1|solver_apps/org.sat4j.core.jar|[(12103, [-2]), (12109, [-103])]
./data/linux/prod_2_9.cnf|3.0421109199523926|0.5933732986450195|1|4|41|4|FastDiagP_V4_1|solver_apps/org.sat4j.core.jar|[(12103, [-2]), (12109, [-103])]
./data/linux/prod_2_9.cnf|3.0340828895568848|0.6544044017791748|1|8|41|6|FastDiagP_V4_1|solver_apps/org.sat4j.core.jar|[(12103, [-2]), (12109, [-103])]
./data/linux/prod_2_9.cnf|3.024554967880249|0.6789546012878418|1|7|41|8|FastDiagP_V4_1|solver_apps/org.sat4j.core.jar|[(12103, [-2]), (12109, [-103])]
./data/linux/prod_2_10.cnf|3.9857940673828125|0.7995021343231201|1|4|51|2|FastDiagP_V4_1|solver_apps/org.sat4j.core.jar|[(12083, [-107]), (12086, [-10])]
./data/linux/prod_2_10.cnf|3.233494997024536|0.8467075824737549|1|4|51|4|FastDiagP_V4_1|solver_apps/org.sat4j.core.jar|[(12083, [-107]), (12086, [-10])]
./data/linux/prod_2_10.cnf|3.1884217262268066|0.9978842735290527|1|5|51|6|FastDiagP_V4_1|solver_apps/org.sat4j.core.jar|[(12083, [-107]), (12086, [-10])]
./data/linux/prod_2_10.cnf|3.2062129974365234|0.9115722179412842|1|4|51|8|FastDiagP_V4_1|solver_apps/org.sat4j.core.jar|[(12083, [-107]), (12086, [-10])]
./data/linux/prod_4_1.cnf|8.787964105606079|1.7414910793304443|1|4|125|2|FastDiagP_V4_1|solver_apps/org.sat4j.core.jar|[(12076, [254]), (12088, [271]), (12108, [196]), (12130, [119])]
./data/linux/prod_4_1.cnf|6.32810378074646|1.8675928115844727|1|6|125|4|FastDiagP_V4_1|solver_apps/org.sat4j.core.jar|[(12076, [254]), (12088, [271]), (12108, [196]), (12130, [119])]
./data/linux/prod_4_1.cnf|6.210612058639526|2.624405860900879|1|11|125|6|FastDiagP_V4_1|solver_apps/org.sat4j.core.jar|[(12076, [254]), (12088, [271]), (12108, [196]), (12130, [119])]
./data/linux/prod_4_1.cnf|6.060524940490723|2.6489198207855225|1|13|125|8|FastDiagP_V4_1|solver_apps/org.sat4j.core.jar|[(12076, [254]), (12088, [271]), (12108, [196]), (12130, [119])]
./data/linux/prod_4_2.cnf|8.71240496635437|1.7242937088012695|1|4|126|2|FastDiagP_V4_1|solver_apps/org.sat4j.core.jar|[(12091, [196]), (12115, [271]), (12133, [254]), (12165, [-257])]
./data/linux/prod_4_2.cnf|6.189036130905151|1.8447363376617432|1|7|126|4|FastDiagP_V4_1|solver_apps/org.sat4j.core.jar|[(12091, [196]), (12115, [271]), (12133, [254]), (12165, [-257])]
./data/linux/prod_4_2.cnf|6.018742799758911|2.232393741607666|1|6|126|6|FastDiagP_V4_1|solver_apps/org.sat4j.core.jar|[(12091, [196]), (12115, [271]), (12133, [254]), (12165, [-257])]
./data/linux/prod_4_2.cnf|6.173452854156494|2.7463161945343018|1|9|126|8|FastDiagP_V4_1|solver_apps/org.sat4j.core.jar|[(12091, [196]), (12115, [271]), (12133, [254]), (12165, [-257])]
./data/linux/prod_4_3.cnf|8.59241795539856|1.8128399848937988|1|2|127|2|FastDiagP_V4_1|solver_apps/org.sat4j.core.jar|[(12079, [196]), (12119, [119]), (12147, [-257]), (12152, [271])]
./data/linux/prod_4_3.cnf|6.014593839645386|1.9944233894348145|1|5|127|4|FastDiagP_V4_1|solver_apps/org.sat4j.core.jar|[(12079, [196]), (12119, [119]), (12147, [-257]), (12152, [271])]
./data/linux/prod_4_3.cnf|5.9349987506866455|2.5661206245422363|1|10|127|6|FastDiagP_V4_1|solver_apps/org.sat4j.core.jar|[(12079, [196]), (12119, [119]), (12147, [-257]), (12152, [271])]
./data/linux/prod_4_3.cnf|5.987840890884399|2.6619107723236084|1|12|127|8|FastDiagP_V4_1|solver_apps/org.sat4j.core.jar|[(12079, [196]), (12119, [119]), (12147, [-257]), (12152, [271])]
./data/linux/prod_4_4.cnf|8.980606317520142|1.8318560123443604|1|3|129|2|FastDiagP_V4_1|solver_apps/org.sat4j.core.jar|[(12077, [271]), (12102, [246]), (12122, [119]), (12128, [254])]
./data/linux/prod_4_4.cnf|6.404710054397583|1.9889907836914062|1|3|129|4|FastDiagP_V4_1|solver_apps/org.sat4j.core.jar|[(12077, [271]), (12102, [246]), (12122, [119]), (12128, [254])]
./data/linux/prod_4_4.cnf|6.216765880584717|2.4850151538848877|1|6|129|6|FastDiagP_V4_1|solver_apps/org.sat4j.core.jar|[(12077, [271]), (12102, [246]), (12122, [119]), (12128, [254])]
./data/linux/prod_4_4.cnf|6.237921953201294|2.9682462215423584|1|12|129|8|FastDiagP_V4_1|solver_apps/org.sat4j.core.jar|[(12077, [271]), (12102, [246]), (12122, [119]), (12128, [254])]
./data/linux/prod_4_5.cnf|6.2066450119018555|1.1920251846313477|1|5|85|2|FastDiagP_V4_1|solver_apps/org.sat4j.core.jar|[(12078, [246]), (12081, [119]), (12096, [254]), (12141, [196])]
./data/linux/prod_4_5.cnf|4.758525848388672|1.2586479187011719|1|5|85|4|FastDiagP_V4_1|solver_apps/org.sat4j.core.jar|[(12078, [246]), (12081, [119]), (12096, [254]), (12141, [196])]
./data/linux/prod_4_5.cnf|4.620337009429932|1.380795955657959|1|7|85|6|FastDiagP_V4_1|solver_apps/org.sat4j.core.jar|[(12078, [246]), (12081, [119]), (12096, [254]), (12141, [196])]
./data/linux/prod_4_5.cnf|4.672209978103638|1.4942922592163086|1|11|85|8|FastDiagP_V4_1|solver_apps/org.sat4j.core.jar|[(12078, [246]), (12081, [119]), (12096, [254]), (12141, [196])]
./data/linux/prod_4_6.cnf|6.040056943893433|1.2128181457519531|1|5|84|2|FastDiagP_V4_1|solver_apps/org.sat4j.core.jar|[(12083, [246]), (12148, [271]), (12156, [-10]), (12157, [196])]
./data/linux/prod_4_6.cnf|4.523549795150757|1.269066572189331|1|4|84|4|FastDiagP_V4_1|solver_apps/org.sat4j.core.jar|[(12083, [246]), (12148, [271]), (12156, [-10]), (12157, [196])]
./data/linux/prod_4_6.cnf|4.329257965087891|1.5943045616149902|1|5|84|6|FastDiagP_V4_1|solver_apps/org.sat4j.core.jar|[(12083, [246]), (12148, [271]), (12156, [-10]), (12157, [196])]
./data/linux/prod_4_6.cnf|4.468749046325684|1.78835129737854|1|12|84|8|FastDiagP_V4_1|solver_apps/org.sat4j.core.jar|[(12083, [246]), (12148, [271]), (12156, [-10]), (12157, [196])]
./data/linux/prod_4_7.cnf|5.994739055633545|1.1625750064849854|1|3|83|2|FastDiagP_V4_1|solver_apps/org.sat4j.core.jar|[(12099, [246]), (12112, [196]), (12117, [119]), (12126, [-10])]
./data/linux/prod_4_7.cnf|4.521338224411011|1.2460711002349854|1|3|83|4|FastDiagP_V4_1|solver_apps/org.sat4j.core.jar|[(12099, [246]), (12112, [196]), (12117, [119]), (12126, [-10])]
./data/linux/prod_4_7.cnf|4.434072971343994|1.3868966102600098|1|5|83|6|FastDiagP_V4_1|solver_apps/org.sat4j.core.jar|[(12099, [246]), (12112, [196]), (12117, [119]), (12126, [-10])]
./data/linux/prod_4_7.cnf|4.548007965087891|1.5944185256958008|1|6|83|8|FastDiagP_V4_1|solver_apps/org.sat4j.core.jar|[(12099, [246]), (12112, [196]), (12117, [119]), (12126, [-10])]
./data/linux/prod_4_8.cnf|6.740604877471924|1.3643014430999756|1|4|96|2|FastDiagP_V4_1|solver_apps/org.sat4j.core.jar|[(12086, [254]), (12105, [271]), (12110, [196]), (12136, [246])]
./data/linux/prod_4_8.cnf|4.852687835693359|1.5038392543792725|1|4|96|4|FastDiagP_V4_1|solver_apps/org.sat4j.core.jar|[(12086, [254]), (12105, [271]), (12110, [196]), (12136, [246])]
./data/linux/prod_4_8.cnf|4.699172019958496|1.9236562252044678|1|9|96|6|FastDiagP_V4_1|solver_apps/org.sat4j.core.jar|[(12086, [254]), (12105, [271]), (12110, [196]), (12136, [246])]
./data/linux/prod_4_8.cnf|4.883801221847534|1.9671647548675537|1|12|96|8|FastDiagP_V4_1|solver_apps/org.sat4j.core.jar|[(12086, [254]), (12105, [271]), (12110, [196]), (12136, [246])]
./data/linux/prod_4_9.cnf|7.348989963531494|1.5217275619506836|1|2|105|2|FastDiagP_V4_1|solver_apps/org.sat4j.core.jar|[(12093, [196]), (12095, [246]), (12100, [254]), (12127, [119])]
./data/linux/prod_4_9.cnf|5.390085935592651|1.6846113204956055|1|7|105|4|FastDiagP_V4_1|solver_apps/org.sat4j.core.jar|[(12093, [196]), (12095, [246]), (12100, [254]), (12127, [119])]
./data/linux/prod_4_9.cnf|5.195406675338745|1.9370124340057373|1|5|105|6|FastDiagP_V4_1|solver_apps/org.sat4j.core.jar|[(12093, [196]), (12095, [246]), (12100, [254]), (12127, [119])]
./data/linux/prod_4_9.cnf|5.278911113739014|2.238222122192383|1|8|105|8|FastDiagP_V4_1|solver_apps/org.sat4j.core.jar|[(12093, [196]), (12095, [246]), (12100, [254]), (12127, [119])]
./data/linux/prod_4_10.cnf|6.286386966705322|1.1716833114624023|1|4|81|2|FastDiagP_V4_1|solver_apps/org.sat4j.core.jar|[(12108, [196]), (12119, [119]), (12147, [246]), (12148, [-103])]
./data/linux/prod_4_10.cnf|4.5632898807525635|1.2565503120422363|1|4|81|4|FastDiagP_V4_1|solver_apps/org.sat4j.core.jar|[(12108, [196]), (12119, [119]), (12147, [246]), (12148, [-103])]
./data/linux/prod_4_10.cnf|4.539828062057495|1.5958456993103027|1|6|81|6|FastDiagP_V4_1|solver_apps/org.sat4j.core.jar|[(12108, [196]), (12119, [119]), (12147, [246]), (12148, [-103])]
./data/linux/prod_4_10.cnf|4.44033408164978|1.7116107940673828|1|8|81|8|FastDiagP_V4_1|solver_apps/org.sat4j.core.jar|[(12108, [196]), (12119, [119]), (12147, [246]), (12148, [-103])]
./data/linux/prod_8_1.cnf|13.496408700942993|2.8750100135803223|1|5|202|2|FastDiagP_V4_1|solver_apps/org.sat4j.core.jar|[(12079, [1010]), (12090, [254]), (12104, [196]), (12122, [999]), (12154, [246]), (12160, [119]), (12189, [797]), (12216, [-693])]
./data/linux/prod_8_1.cnf|9.274535894393921|3.1664140224456787|1|7|202|4|FastDiagP_V4_1|solver_apps/org.sat4j.core.jar|[(12079, [1010]), (12090, [254]), (12104, [196]), (12122, [999]), (12154, [246]), (12160, [119]), (12189, [797]), (12216, [-693])]
./data/linux/prod_8_1.cnf|8.800421237945557|3.7799508571624756|1|10|202|6|FastDiagP_V4_1|solver_apps/org.sat4j.core.jar|[(12079, [1010]), (12090, [254]), (12104, [196]), (12122, [999]), (12154, [246]), (12160, [119]), (12189, [797]), (12216, [-693])]
./data/linux/prod_8_1.cnf|8.927884101867676|4.717324733734131|1|22|202|8|FastDiagP_V4_1|solver_apps/org.sat4j.core.jar|[(12079, [1010]), (12090, [254]), (12104, [196]), (12122, [999]), (12154, [246]), (12160, [119]), (12189, [797]), (12216, [-693])]
./data/linux/prod_8_2.cnf|10.868343830108643|2.1952483654022217|1|3|159|2|FastDiagP_V4_1|solver_apps/org.sat4j.core.jar|[(12107, [254]), (12111, [271]), (12115, [1010]), (12141, [196]), (12154, [246]), (12158, [119]), (12173, [797]), (12223, [-698])]
./data/linux/prod_8_2.cnf|7.644269227981567|2.42645001411438|1|8|159|4|FastDiagP_V4_1|solver_apps/org.sat4j.core.jar|[(12107, [254]), (12111, [271]), (12115, [1010]), (12141, [196]), (12154, [246]), (12158, [119]), (12173, [797]), (12223, [-698])]
./data/linux/prod_8_2.cnf|7.169957160949707|2.6831412315368652|1|11|159|6|FastDiagP_V4_1|solver_apps/org.sat4j.core.jar|[(12107, [254]), (12111, [271]), (12115, [1010]), (12141, [196]), (12154, [246]), (12158, [119]), (12173, [797]), (12223, [-698])]
./data/linux/prod_8_2.cnf|7.347316026687622|3.2416064739227295|1|15|159|8|FastDiagP_V4_1|solver_apps/org.sat4j.core.jar|[(12107, [254]), (12111, [271]), (12115, [1010]), (12141, [196]), (12154, [246]), (12158, [119]), (12173, [797]), (12223, [-698])]
./data/linux/prod_8_3.cnf|14.172582149505615|2.9424023628234863|1|8|209|2|FastDiagP_V4_1|solver_apps/org.sat4j.core.jar|[(12077, [271]), (12087, [196]), (12146, [797]), (12147, [999]), (12161, [246]), (12168, [119]), (12188, [1010]), (12212, [254])]
./data/linux/prod_8_3.cnf|9.761770009994507|3.2077651023864746|1|7|209|4|FastDiagP_V4_1|solver_apps/org.sat4j.core.jar|[(12077, [271]), (12087, [196]), (12146, [797]), (12147, [999]), (12161, [246]), (12168, [119]), (12188, [1010]), (12212, [254])]
./data/linux/prod_8_3.cnf|9.249554872512817|4.079006195068359|1|8|209|6|FastDiagP_V4_1|solver_apps/org.sat4j.core.jar|[(12077, [271]), (12087, [196]), (12146, [797]), (12147, [999]), (12161, [246]), (12168, [119]), (12188, [1010]), (12212, [254])]
./data/linux/prod_8_3.cnf|9.340945959091187|4.795181751251221|1|15|209|8|FastDiagP_V4_1|solver_apps/org.sat4j.core.jar|[(12077, [271]), (12087, [196]), (12146, [797]), (12147, [999]), (12161, [246]), (12168, [119]), (12188, [1010]), (12212, [254])]
./data/linux/prod_8_4.cnf|12.46492886543274|2.65010929107666|1|6|178|2|FastDiagP_V4_1|solver_apps/org.sat4j.core.jar|[(12116, [254]), (12129, [1010]), (12163, [271]), (12184, [196]), (12192, [246]), (12204, [797]), (12220, [119]), (12223, [999])]
./data/linux/prod_8_4.cnf|8.625301122665405|2.8715038299560547|1|6|178|4|FastDiagP_V4_1|solver_apps/org.sat4j.core.jar|[(12116, [254]), (12129, [1010]), (12163, [271]), (12184, [196]), (12192, [246]), (12204, [797]), (12220, [119]), (12223, [999])]
./data/linux/prod_8_4.cnf|8.244755983352661|3.7030158042907715|1|12|178|6|FastDiagP_V4_1|solver_apps/org.sat4j.core.jar|[(12116, [254]), (12129, [1010]), (12163, [271]), (12184, [196]), (12192, [246]), (12204, [797]), (12220, [119]), (12223, [999])]
./data/linux/prod_8_4.cnf|8.237986087799072|4.028628826141357|1|15|178|8|FastDiagP_V4_1|solver_apps/org.sat4j.core.jar|[(12116, [254]), (12129, [1010]), (12163, [271]), (12184, [196]), (12192, [246]), (12204, [797]), (12220, [119]), (12223, [999])]
./data/linux/prod_8_5.cnf|10.418934106826782|2.221230983734131|1|5|156|2|FastDiagP_V4_1|solver_apps/org.sat4j.core.jar|[(12077, [119]), (12086, [246]), (12091, [254]), (12101, [271]), (12124, [196]), (12154, [-693]), (12163, [-2]), (12169, [-103])]
./data/linux/prod_8_5.cnf|7.313560247421265|2.419020652770996|1|5|156|4|FastDiagP_V4_1|solver_apps/org.sat4j.core.jar|[(12077, [119]), (12086, [246]), (12091, [254]), (12101, [271]), (12124, [196]), (12154, [-693]), (12163, [-2]), (12169, [-103])]
./data/linux/prod_8_5.cnf|7.048786878585815|2.63267183303833|1|8|156|6|FastDiagP_V4_1|solver_apps/org.sat4j.core.jar|[(12077, [119]), (12086, [246]), (12091, [254]), (12101, [271]), (12124, [196]), (12154, [-693]), (12163, [-2]), (12169, [-103])]
./data/linux/prod_8_5.cnf|7.313908815383911|2.8511340618133545|1|9|156|8|FastDiagP_V4_1|solver_apps/org.sat4j.core.jar|[(12077, [119]), (12086, [246]), (12091, [254]), (12101, [271]), (12124, [196]), (12154, [-693]), (12163, [-2]), (12169, [-103])]
./data/linux/prod_8_6.cnf|10.929908275604248|2.3145484924316406|1|4|163|2|FastDiagP_V4_1|solver_apps/org.sat4j.core.jar|[(12079, [271]), (12105, [196]), (12115, [254]), (12119, [246]), (12127, [119]), (12136, [-198]), (12138, [-2]), (12144, [-256])]
./data/linux/prod_8_6.cnf|7.886181116104126|2.4806199073791504|1|5|163|4|FastDiagP_V4_1|solver_apps/org.sat4j.core.jar|[(12079, [271]), (12105, [196]), (12115, [254]), (12119, [246]), (12127, [119]), (12136, [-198]), (12138, [-2]), (12144, [-256])]
./data/linux/prod_8_6.cnf|7.461678981781006|3.0178885459899902|1|7|163|6|FastDiagP_V4_1|solver_apps/org.sat4j.core.jar|[(12079, [271]), (12105, [196]), (12115, [254]), (12119, [246]), (12127, [119]), (12136, [-198]), (12138, [-2]), (12144, [-256])]
./data/linux/prod_8_6.cnf|7.678194046020508|3.3530285358428955|1|15|163|8|FastDiagP_V4_1|solver_apps/org.sat4j.core.jar|[(12079, [271]), (12105, [196]), (12115, [254]), (12119, [246]), (12127, [119]), (12136, [-198]), (12138, [-2]), (12144, [-256])]
./data/linux/prod_8_7.cnf|10.012166261672974|2.088754653930664|1|6|147|2|FastDiagP_V4_1|solver_apps/org.sat4j.core.jar|[(12086, [246]), (12134, [254]), (12143, [119]), (12148, [-203]), (12153, [-103]), (12155, [-10]), (12158, [-690]), (12167, [271])]
./data/linux/prod_8_7.cnf|6.955432891845703|2.3122146129608154|1|6|147|4|FastDiagP_V4_1|solver_apps/org.sat4j.core.jar|[(12086, [246]), (12134, [254]), (12143, [119]), (12148, [-203]), (12153, [-103]), (12155, [-10]), (12158, [-690]), (12167, [271])]
./data/linux/prod_8_7.cnf|6.843640089035034|2.711935043334961|1|8|147|6|FastDiagP_V4_1|solver_apps/org.sat4j.core.jar|[(12086, [246]), (12134, [254]), (12143, [119]), (12148, [-203]), (12153, [-103]), (12155, [-10]), (12158, [-690]), (12167, [271])]
./data/linux/prod_8_7.cnf|6.975848913192749|3.1716485023498535|1|13|147|8|FastDiagP_V4_1|solver_apps/org.sat4j.core.jar|[(12086, [246]), (12134, [254]), (12143, [119]), (12148, [-203]), (12153, [-103]), (12155, [-10]), (12158, [-690]), (12167, [271])]
./data/linux/prod_8_8.cnf|10.19793701171875|2.2455852031707764|1|3|150|2|FastDiagP_V4_1|solver_apps/org.sat4j.core.jar|[(12117, [246]), (12129, [254]), (12130, [196]), (12137, [119]), (12144, [271]), (12164, [-107]), (12171, [-690]), (12175, [-198])]
./data/linux/prod_8_8.cnf|7.203632116317749|2.386242628097534|1|5|150|4|FastDiagP_V4_1|solver_apps/org.sat4j.core.jar|[(12117, [246]), (12129, [254]), (12130, [196]), (12137, [119]), (12144, [271]), (12164, [-107]), (12171, [-690]), (12175, [-198])]
./data/linux/prod_8_8.cnf|7.015091896057129|3.0299131870269775|1|11|150|6|FastDiagP_V4_1|solver_apps/org.sat4j.core.jar|[(12117, [246]), (12129, [254]), (12130, [196]), (12137, [119]), (12144, [271]), (12164, [-107]), (12171, [-690]), (12175, [-198])]
./data/linux/prod_8_8.cnf|7.011705160140991|2.983482599258423|1|12|150|8|FastDiagP_V4_1|solver_apps/org.sat4j.core.jar|[(12117, [246]), (12129, [254]), (12130, [196]), (12137, [119]), (12144, [271]), (12164, [-107]), (12171, [-690]), (12175, [-198])]
./data/linux/prod_8_9.cnf|10.824249029159546|2.2160167694091797|1|3|156|2|FastDiagP_V4_1|solver_apps/org.sat4j.core.jar|[(12078, [246]), (12096, [119]), (12124, [271]), (12132, [196]), (12145, [-202]), (12155, [-103]), (12159, [254]), (12160, [-198])]
./data/linux/prod_8_9.cnf|7.4721999168396|2.4093990325927734|1|6|156|4|FastDiagP_V4_1|solver_apps/org.sat4j.core.jar|[(12078, [246]), (12096, [119]), (12124, [271]), (12132, [196]), (12145, [-202]), (12155, [-103]), (12159, [254]), (12160, [-198])]
./data/linux/prod_8_9.cnf|7.214237928390503|2.998344659805298|1|8|156|6|FastDiagP_V4_1|solver_apps/org.sat4j.core.jar|[(12078, [246]), (12096, [119]), (12124, [271]), (12132, [196]), (12145, [-202]), (12155, [-103]), (12159, [254]), (12160, [-198])]
./data/linux/prod_8_9.cnf|7.570011854171753|3.520261287689209|1|19|156|8|FastDiagP_V4_1|solver_apps/org.sat4j.core.jar|[(12078, [246]), (12096, [119]), (12124, [271]), (12132, [196]), (12145, [-202]), (12155, [-103]), (12159, [254]), (12160, [-198])]
./data/linux/prod_8_10.cnf|9.407780170440674|2.1522796154022217|1|6|136|2|FastDiagP_V4_1|solver_apps/org.sat4j.core.jar|[(12085, [246]), (12142, [271]), (12143, [254]), (12149, [196]), (12151, [119]), (12161, [-107]), (12166, [-103]), (12167, [-285])]
./data/linux/prod_8_10.cnf|6.956293821334839|2.308434247970581|1|8|136|4|FastDiagP_V4_1|solver_apps/org.sat4j.core.jar|[(12085, [246]), (12142, [271]), (12143, [254]), (12149, [196]), (12151, [119]), (12161, [-107]), (12166, [-103]), (12167, [-285])]
./data/linux/prod_8_10.cnf|6.693140029907227|2.8210554122924805|1|8|136|6|FastDiagP_V4_1|solver_apps/org.sat4j.core.jar|[(12085, [246]), (12142, [271]), (12143, [254]), (12149, [196]), (12151, [119]), (12161, [-107]), (12166, [-103]), (12167, [-285])]
./data/linux/prod_8_10.cnf|6.706204891204834|3.2288732528686523|1|8|136|8|FastDiagP_V4_1|solver_apps/org.sat4j.core.jar|[(12085, [246]), (12142, [271]), (12143, [254]), (12149, [196]), (12151, [119]), (12161, [-107]), (12166, [-103]), (12167, [-285])]
./data/linux/prod_16_1.cnf|26.063993215560913|6.022374868392944|1|6|404|2|FastDiagP_V4_1|solver_apps/org.sat4j.core.jar|[(12079, [119]), (12090, [1524]), (12113, [1247]), (12119, [1235]), (12134, [1780]), (12149, [1010]), (12160, [999]), (12175, [1791]), (12222, [254]), (12231, [1251]), (12237, [1495]), (12241, [271]), (12248, [1756]), (12260, [1773]), (12268, [797]), (12313, [-124])]
./data/linux/prod_16_1.cnf|17.78779697418213|6.628414630889893|1|7|404|4|FastDiagP_V4_1|solver_apps/org.sat4j.core.jar|[(12079, [119]), (12090, [1524]), (12113, [1247]), (12119, [1235]), (12134, [1780]), (12149, [1010]), (12160, [999]), (12175, [1791]), (12222, [254]), (12231, [1251]), (12237, [1495]), (12241, [271]), (12248, [1756]), (12260, [1773]), (12268, [797]), (12313, [-124])]
./data/linux/prod_16_1.cnf|17.1249418258667|8.556201457977295|1|18|404|6|FastDiagP_V4_1|solver_apps/org.sat4j.core.jar|[(12079, [119]), (12090, [1524]), (12113, [1247]), (12119, [1235]), (12134, [1780]), (12149, [1010]), (12160, [999]), (12175, [1791]), (12222, [254]), (12231, [1251]), (12237, [1495]), (12241, [271]), (12248, [1756]), (12260, [1773]), (12268, [797]), (12313, [-124])]
./data/linux/prod_16_1.cnf|17.393270015716553|9.600619316101074|1|42|404|8|FastDiagP_V4_1|solver_apps/org.sat4j.core.jar|[(12079, [119]), (12090, [1524]), (12113, [1247]), (12119, [1235]), (12134, [1780]), (12149, [1010]), (12160, [999]), (12175, [1791]), (12222, [254]), (12231, [1251]), (12237, [1495]), (12241, [271]), (12248, [1756]), (12260, [1773]), (12268, [797]), (12313, [-124])]
./data/linux/prod_16_2.cnf|21.536683082580566|4.631640672683716|1|10|326|2|FastDiagP_V4_1|solver_apps/org.sat4j.core.jar|[(12086, [246]), (12103, [1247]), (12116, [1249]), (12127, [1495]), (12151, [196]), (12166, [797]), (12169, [271]), (12175, [254]), (12196, [1509]), (12202, [201]), (12222, [812]), (12246, [90]), (12253, [119]), (12260, [-1002]), (12268, [-107]), (12275, [-202])]
./data/linux/prod_16_2.cnf|14.92041301727295|5.1051719188690186|1|12|326|4|FastDiagP_V4_1|solver_apps/org.sat4j.core.jar|[(12086, [246]), (12103, [1247]), (12116, [1249]), (12127, [1495]), (12151, [196]), (12166, [797]), (12169, [271]), (12175, [254]), (12196, [1509]), (12202, [201]), (12222, [812]), (12246, [90]), (12253, [119]), (12260, [-1002]), (12268, [-107]), (12275, [-202])]
./data/linux/prod_16_2.cnf|14.483861923217773|6.206593990325928|1|13|326|6|FastDiagP_V4_1|solver_apps/org.sat4j.core.jar|[(12086, [246]), (12103, [1247]), (12116, [1249]), (12127, [1495]), (12151, [196]), (12166, [797]), (12169, [271]), (12175, [254]), (12196, [1509]), (12202, [201]), (12222, [812]), (12246, [90]), (12253, [119]), (12260, [-1002]), (12268, [-107]), (12275, [-202])]
./data/linux/prod_16_2.cnf|14.547284126281738|7.075094699859619|1|24|326|8|FastDiagP_V4_1|solver_apps/org.sat4j.core.jar|[(12086, [246]), (12103, [1247]), (12116, [1249]), (12127, [1495]), (12151, [196]), (12166, [797]), (12169, [271]), (12175, [254]), (12196, [1509]), (12202, [201]), (12222, [812]), (12246, [90]), (12253, [119]), (12260, [-1002]), (12268, [-107]), (12275, [-202])]
./data/linux/prod_16_3.cnf|20.609216928482056|4.60107684135437|1|8|312|2|FastDiagP_V4_1|solver_apps/org.sat4j.core.jar|[(12081, [1495]), (12094, [1251]), (12127, [246]), (12139, [254]), (12140, [1010]), (12162, [90]), (12169, [196]), (12178, [271]), (12199, [1235]), (12203, [201]), (12210, [797]), (12233, [1249]), (12236, [119]), (12237, [1247]), (12243, [1509]), (12248, [812])]
./data/linux/prod_16_3.cnf|14.184806823730469|4.895142078399658|1|8|312|4|FastDiagP_V4_1|solver_apps/org.sat4j.core.jar|[(12081, [1495]), (12094, [1251]), (12127, [246]), (12139, [254]), (12140, [1010]), (12162, [90]), (12169, [196]), (12178, [271]), (12199, [1235]), (12203, [201]), (12210, [797]), (12233, [1249]), (12236, [119]), (12237, [1247]), (12243, [1509]), (12248, [812])]
./data/linux/prod_16_3.cnf|13.623108863830566|5.830925941467285|1|14|312|6|FastDiagP_V4_1|solver_apps/org.sat4j.core.jar|[(12081, [1495]), (12094, [1251]), (12127, [246]), (12139, [254]), (12140, [1010]), (12162, [90]), (12169, [196]), (12178, [271]), (12199, [1235]), (12203, [201]), (12210, [797]), (12233, [1249]), (12236, [119]), (12237, [1247]), (12243, [1509]), (12248, [812])]
./data/linux/prod_16_3.cnf|13.9640531539917|7.211291313171387|1|33|312|8|FastDiagP_V4_1|solver_apps/org.sat4j.core.jar|[(12081, [1495]), (12094, [1251]), (12127, [246]), (12139, [254]), (12140, [1010]), (12162, [90]), (12169, [196]), (12178, [271]), (12199, [1235]), (12203, [201]), (12210, [797]), (12233, [1249]), (12236, [119]), (12237, [1247]), (12243, [1509]), (12248, [812])]
./data/linux/prod_16_4.cnf|22.90283513069153|5.141978025436401|1|4|349|2|FastDiagP_V4_1|solver_apps/org.sat4j.core.jar|[(12086, [246]), (12089, [1010]), (12093, [201]), (12100, [1509]), (12113, [196]), (12132, [1251]), (12158, [1247]), (12168, [1235]), (12219, [254]), (12222, [812]), (12227, [1249]), (12242, [797]), (12247, [271]), (12253, [1495]), (12255, [119]), (12270, [-1505])]
./data/linux/prod_16_4.cnf|15.521314859390259|5.638951539993286|1|6|349|4|FastDiagP_V4_1|solver_apps/org.sat4j.core.jar|[(12086, [246]), (12089, [1010]), (12093, [201]), (12100, [1509]), (12113, [196]), (12132, [1251]), (12158, [1247]), (12168, [1235]), (12219, [254]), (12222, [812]), (12227, [1249]), (12242, [797]), (12247, [271]), (12253, [1495]), (12255, [119]), (12270, [-1505])]
./data/linux/prod_16_4.cnf|14.833792924880981|7.172731876373291|1|17|349|6|FastDiagP_V4_1|solver_apps/org.sat4j.core.jar|[(12086, [246]), (12089, [1010]), (12093, [201]), (12100, [1509]), (12113, [196]), (12132, [1251]), (12158, [1247]), (12168, [1235]), (12219, [254]), (12222, [812]), (12227, [1249]), (12242, [797]), (12247, [271]), (12253, [1495]), (12255, [119]), (12270, [-1505])]
./data/linux/prod_16_4.cnf|14.972095966339111|8.011711597442627|1|31|349|8|FastDiagP_V4_1|solver_apps/org.sat4j.core.jar|[(12086, [246]), (12089, [1010]), (12093, [201]), (12100, [1509]), (12113, [196]), (12132, [1251]), (12158, [1247]), (12168, [1235]), (12219, [254]), (12222, [812]), (12227, [1249]), (12242, [797]), (12247, [271]), (12253, [1495]), (12255, [119]), (12270, [-1505])]
./data/linux/prod_16_5.cnf|21.68554186820984|4.874354839324951|1|9|331|2|FastDiagP_V4_1|solver_apps/org.sat4j.core.jar|[(12078, [1010]), (12101, [812]), (12119, [271]), (12174, [246]), (12182, [201]), (12191, [797]), (12193, [1235]), (12199, [1249]), (12200, [1509]), (12201, [1251]), (12211, [196]), (12225, [119]), (12234, [254]), (12242, [90]), (12266, [-256]), (12272, [-103])]
./data/linux/prod_16_5.cnf|14.608644962310791|5.291325092315674|1|8|331|4|FastDiagP_V4_1|solver_apps/org.sat4j.core.jar|[(12078, [1010]), (12101, [812]), (12119, [271]), (12174, [246]), (12182, [201]), (12191, [797]), (12193, [1235]), (12199, [1249]), (12200, [1509]), (12201, [1251]), (12211, [196]), (12225, [119]), (12234, [254]), (12242, [90]), (12266, [-256]), (12272, [-103])]
./data/linux/prod_16_5.cnf|14.366753816604614|6.606349468231201|1|17|331|6|FastDiagP_V4_1|solver_apps/org.sat4j.core.jar|[(12078, [1010]), (12101, [812]), (12119, [271]), (12174, [246]), (12182, [201]), (12191, [797]), (12193, [1235]), (12199, [1249]), (12200, [1509]), (12201, [1251]), (12211, [196]), (12225, [119]), (12234, [254]), (12242, [90]), (12266, [-256]), (12272, [-103])]
./data/linux/prod_16_5.cnf|14.154484987258911|7.707677364349365|1|37|331|8|FastDiagP_V4_1|solver_apps/org.sat4j.core.jar|[(12078, [1010]), (12101, [812]), (12119, [271]), (12174, [246]), (12182, [201]), (12191, [797]), (12193, [1235]), (12199, [1249]), (12200, [1509]), (12201, [1251]), (12211, [196]), (12225, [119]), (12234, [254]), (12242, [90]), (12266, [-256]), (12272, [-103])]
./data/linux/prod_16_6.cnf|21.81261706352234|4.863670349121094|1|10|334|2|FastDiagP_V4_1|solver_apps/org.sat4j.core.jar|[(12077, [797]), (12088, [1247]), (12142, [119]), (12147, [90]), (12167, [254]), (12173, [1010]), (12188, [1249]), (12190, [201]), (12191, [196]), (12196, [1495]), (12208, [271]), (12227, [1235]), (12230, [812]), (12241, [1509]), (12249, [246]), (12261, [1251])]
./data/linux/prod_16_6.cnf|15.097538709640503|5.293701171875|1|8|334|4|FastDiagP_V4_1|solver_apps/org.sat4j.core.jar|[(12077, [797]), (12088, [1247]), (12142, [119]), (12147, [90]), (12167, [254]), (12173, [1010]), (12188, [1249]), (12190, [201]), (12191, [196]), (12196, [1495]), (12208, [271]), (12227, [1235]), (12230, [812]), (12241, [1509]), (12249, [246]), (12261, [1251])]
./data/linux/prod_16_6.cnf|14.664155006408691|6.302046298980713|1|17|334|6|FastDiagP_V4_1|solver_apps/org.sat4j.core.jar|[(12077, [797]), (12088, [1247]), (12142, [119]), (12147, [90]), (12167, [254]), (12173, [1010]), (12188, [1249]), (12190, [201]), (12191, [196]), (12196, [1495]), (12208, [271]), (12227, [1235]), (12230, [812]), (12241, [1509]), (12249, [246]), (12261, [1251])]
./data/linux/prod_16_6.cnf|14.59390377998352|8.065146446228027|1|37|334|8|FastDiagP_V4_1|solver_apps/org.sat4j.core.jar|[(12077, [797]), (12088, [1247]), (12142, [119]), (12147, [90]), (12167, [254]), (12173, [1010]), (12188, [1249]), (12190, [201]), (12191, [196]), (12196, [1495]), (12208, [271]), (12227, [1235]), (12230, [812]), (12241, [1509]), (12249, [246]), (12261, [1251])]
./data/linux/prod_16_7.cnf|19.548200130462646|4.348613023757935|1|3|300|2|FastDiagP_V4_1|solver_apps/org.sat4j.core.jar|[(12101, [246]), (12104, [271]), (12112, [1509]), (12129, [119]), (12133, [196]), (12136, [201]), (12147, [90]), (12168, [812]), (12172, [1247]), (12179, [1249]), (12195, [1010]), (12199, [254]), (12201, [1251]), (12240, [1495]), (12254, [797]), (12257, [-256])]
./data/linux/prod_16_7.cnf|13.308532953262329|4.728404998779297|1|5|300|4|FastDiagP_V4_1|solver_apps/org.sat4j.core.jar|[(12101, [246]), (12104, [271]), (12112, [1509]), (12129, [119]), (12133, [196]), (12136, [201]), (12147, [90]), (12168, [812]), (12172, [1247]), (12179, [1249]), (12195, [1010]), (12199, [254]), (12201, [1251]), (12240, [1495]), (12254, [797]), (12257, [-256])]
./data/linux/prod_16_7.cnf|12.938937187194824|5.8560991287231445|1|14|300|6|FastDiagP_V4_1|solver_apps/org.sat4j.core.jar|[(12101, [246]), (12104, [271]), (12112, [1509]), (12129, [119]), (12133, [196]), (12136, [201]), (12147, [90]), (12168, [812]), (12172, [1247]), (12179, [1249]), (12195, [1010]), (12199, [254]), (12201, [1251]), (12240, [1495]), (12254, [797]), (12257, [-256])]
./data/linux/prod_16_7.cnf|13.28380799293518|6.659201622009277|1|28|300|8|FastDiagP_V4_1|solver_apps/org.sat4j.core.jar|[(12101, [246]), (12104, [271]), (12112, [1509]), (12129, [119]), (12133, [196]), (12136, [201]), (12147, [90]), (12168, [812]), (12172, [1247]), (12179, [1249]), (12195, [1010]), (12199, [254]), (12201, [1251]), (12240, [1495]), (12254, [797]), (12257, [-256])]
./data/linux/prod_16_8.cnf|18.51512384414673|4.1314215660095215|1|5|284|2|FastDiagP_V4_1|solver_apps/org.sat4j.core.jar|[(12101, [246]), (12104, [271]), (12112, [1509]), (12129, [119]), (12133, [196]), (12136, [201]), (12147, [90]), (12168, [812]), (12172, [1247]), (12179, [1249]), (12195, [1010]), (12199, [254]), (12201, [1251]), (12240, [1495]), (12271, [-1001]), (12272, [-800])]
./data/linux/prod_16_8.cnf|12.722018957138062|4.47271728515625|1|8|284|4|FastDiagP_V4_1|solver_apps/org.sat4j.core.jar|[(12101, [246]), (12104, [271]), (12112, [1509]), (12129, [119]), (12133, [196]), (12136, [201]), (12147, [90]), (12168, [812]), (12172, [1247]), (12179, [1249]), (12195, [1010]), (12199, [254]), (12201, [1251]), (12240, [1495]), (12271, [-1001]), (12272, [-800])]
./data/linux/prod_16_8.cnf|12.371749877929688|5.437147855758667|1|15|284|6|FastDiagP_V4_1|solver_apps/org.sat4j.core.jar|[(12101, [246]), (12104, [271]), (12112, [1509]), (12129, [119]), (12133, [196]), (12136, [201]), (12147, [90]), (12168, [812]), (12172, [1247]), (12179, [1249]), (12195, [1010]), (12199, [254]), (12201, [1251]), (12240, [1495]), (12271, [-1001]), (12272, [-800])]
./data/linux/prod_16_8.cnf|12.451380968093872|6.26433801651001|1|35|284|8|FastDiagP_V4_1|solver_apps/org.sat4j.core.jar|[(12101, [246]), (12104, [271]), (12112, [1509]), (12129, [119]), (12133, [196]), (12136, [201]), (12147, [90]), (12168, [812]), (12172, [1247]), (12179, [1249]), (12195, [1010]), (12199, [254]), (12201, [1251]), (12240, [1495]), (12271, [-1001]), (12272, [-800])]
./data/linux/prod_16_9.cnf|19.023437023162842|4.293758392333984|1|4|291|2|FastDiagP_V4_1|solver_apps/org.sat4j.core.jar|[(12087, [1235]), (12102, [1251]), (12129, [90]), (12130, [1010]), (12157, [812]), (12165, [196]), (12179, [1247]), (12185, [246]), (12186, [201]), (12219, [1249]), (12223, [271]), (12225, [1495]), (12232, [119]), (12252, [254]), (12255, [797]), (12260, [1509])]
./data/linux/prod_16_9.cnf|13.351847887039185|4.683961391448975|1|7|291|4|FastDiagP_V4_1|solver_apps/org.sat4j.core.jar|[(12087, [1235]), (12102, [1251]), (12129, [90]), (12130, [1010]), (12157, [812]), (12165, [196]), (12179, [1247]), (12185, [246]), (12186, [201]), (12219, [1249]), (12223, [271]), (12225, [1495]), (12232, [119]), (12252, [254]), (12255, [797]), (12260, [1509])]
./data/linux/prod_16_9.cnf|12.78040599822998|5.814517974853516|1|19|291|6|FastDiagP_V4_1|solver_apps/org.sat4j.core.jar|[(12087, [1235]), (12102, [1251]), (12129, [90]), (12130, [1010]), (12157, [812]), (12165, [196]), (12179, [1247]), (12185, [246]), (12186, [201]), (12219, [1249]), (12223, [271]), (12225, [1495]), (12232, [119]), (12252, [254]), (12255, [797]), (12260, [1509])]
./data/linux/prod_16_9.cnf|12.891058921813965|6.482553720474243|1|24|291|8|FastDiagP_V4_1|solver_apps/org.sat4j.core.jar|[(12087, [1235]), (12102, [1251]), (12129, [90]), (12130, [1010]), (12157, [812]), (12165, [196]), (12179, [1247]), (12185, [246]), (12186, [201]), (12219, [1249]), (12223, [271]), (12225, [1495]), (12232, [119]), (12252, [254]), (12255, [797]), (12260, [1509])]
./data/linux/prod_16_10.cnf|19.510300874710083|4.220755577087402|1|9|297|2|FastDiagP_V4_1|solver_apps/org.sat4j.core.jar|[(12081, [1251]), (12099, [1235]), (12100, [246]), (12108, [1249]), (12113, [271]), (12146, [797]), (12179, [119]), (12191, [1495]), (12203, [1247]), (12216, [999]), (12241, [254]), (12242, [1010]), (12264, [-1227]), (12269, [-103]), (12270, [196]), (12272, [-115])]
./data/linux/prod_16_10.cnf|13.370659112930298|4.59495210647583|1|6|297|4|FastDiagP_V4_1|solver_apps/org.sat4j.core.jar|[(12081, [1251]), (12099, [1235]), (12100, [246]), (12108, [1249]), (12113, [271]), (12146, [797]), (12179, [119]), (12191, [1495]), (12203, [1247]), (12216, [999]), (12241, [254]), (12242, [1010]), (12264, [-1227]), (12269, [-103]), (12270, [196]), (12272, [-115])]
./data/linux/prod_16_10.cnf|12.867202043533325|5.940417766571045|1|23|297|6|FastDiagP_V4_1|solver_apps/org.sat4j.core.jar|[(12081, [1251]), (12099, [1235]), (12100, [246]), (12108, [1249]), (12113, [271]), (12146, [797]), (12179, [119]), (12191, [1495]), (12203, [1247]), (12216, [999]), (12241, [254]), (12242, [1010]), (12264, [-1227]), (12269, [-103]), (12270, [196]), (12272, [-115])]
./data/linux/prod_16_10.cnf|12.83372187614441|6.557310581207275|1|24|297|8|FastDiagP_V4_1|solver_apps/org.sat4j.core.jar|[(12081, [1251]), (12099, [1235]), (12100, [246]), (12108, [1249]), (12113, [271]), (12146, [797]), (12179, [119]), (12191, [1495]), (12203, [1247]), (12216, [999]), (12241, [254]), (12242, [1010]), (12264, [-1227]), (12269, [-103]), (12270, [196]), (12272, [-115])]
