./data/linux/prod_1_1.cnf|3.4953598976135254|8|7|44|2|FastDiagP_V3_1|solver_apps/org.sat4j.core.jar|[(12083, [246])]
./data/linux/prod_1_1.cnf|3.375077962875366|8|9|44|4|FastDiagP_V3_1|solver_apps/org.sat4j.core.jar|[(12083, [246])]
./data/linux/prod_1_1.cnf|3.4729530811309814|8|9|44|6|FastDiagP_V3_1|solver_apps/org.sat4j.core.jar|[(12083, [246])]
./data/linux/prod_1_1.cnf|3.588931083679199|8|10|44|8|FastDiagP_V3_1|solver_apps/org.sat4j.core.jar|[(12083, [246])]
./data/linux/prod_1_2.cnf|2.546367883682251|5|8|28|2|FastDiagP_V3_1|solver_apps/org.sat4j.core.jar|[(12113, [119])]
./data/linux/prod_1_2.cnf|2.6654181480407715|5|11|28|4|FastDiagP_V3_1|solver_apps/org.sat4j.core.jar|[(12113, [119])]
./data/linux/prod_1_2.cnf|2.703673839569092|5|11|28|6|FastDiagP_V3_1|solver_apps/org.sat4j.core.jar|[(12113, [119])]
./data/linux/prod_1_2.cnf|2.7947349548339844|5|11|28|8|FastDiagP_V3_1|solver_apps/org.sat4j.core.jar|[(12113, [119])]
./data/linux/prod_1_3.cnf|3.1315016746520996|7|9|33|2|FastDiagP_V3_1|solver_apps/org.sat4j.core.jar|[(12076, [-2])]
./data/linux/prod_1_3.cnf|2.999300003051758|7|9|33|4|FastDiagP_V3_1|solver_apps/org.sat4j.core.jar|[(12076, [-2])]
./data/linux/prod_1_3.cnf|3.142717123031616|7|9|33|6|FastDiagP_V3_1|solver_apps/org.sat4j.core.jar|[(12076, [-2])]
./data/linux/prod_1_3.cnf|3.1596879959106445|7|9|33|8|FastDiagP_V3_1|solver_apps/org.sat4j.core.jar|[(12076, [-2])]
./data/linux/prod_1_4.cnf|2.595519781112671|5|9|23|2|FastDiagP_V3_1|solver_apps/org.sat4j.core.jar|[(12077, [119])]
./data/linux/prod_1_4.cnf|2.4601728916168213|5|11|23|4|FastDiagP_V3_1|solver_apps/org.sat4j.core.jar|[(12077, [119])]
./data/linux/prod_1_4.cnf|2.53647780418396|5|10|23|6|FastDiagP_V3_1|solver_apps/org.sat4j.core.jar|[(12077, [119])]
./data/linux/prod_1_4.cnf|2.594853162765503|5|10|23|8|FastDiagP_V3_1|solver_apps/org.sat4j.core.jar|[(12077, [119])]
./data/linux/prod_1_5.cnf|3.1038758754730225|7|8|36|2|FastDiagP_V3_1|solver_apps/org.sat4j.core.jar|[(12084, [119])]
./data/linux/prod_1_5.cnf|3.0364599227905273|7|11|36|4|FastDiagP_V3_1|solver_apps/org.sat4j.core.jar|[(12084, [119])]
./data/linux/prod_1_5.cnf|3.181360960006714|7|11|36|6|FastDiagP_V3_1|solver_apps/org.sat4j.core.jar|[(12084, [119])]
./data/linux/prod_1_5.cnf|3.2053120136260986|7|11|36|8|FastDiagP_V3_1|solver_apps/org.sat4j.core.jar|[(12084, [119])]
./data/linux/prod_1_6.cnf|3.1363017559051514|7|9|33|2|FastDiagP_V3_1|solver_apps/org.sat4j.core.jar|[(12081, [-2])]
./data/linux/prod_1_6.cnf|3.010776996612549|7|9|33|4|FastDiagP_V3_1|solver_apps/org.sat4j.core.jar|[(12081, [-2])]
./data/linux/prod_1_6.cnf|3.0832152366638184|7|9|33|6|FastDiagP_V3_1|solver_apps/org.sat4j.core.jar|[(12081, [-2])]
./data/linux/prod_1_6.cnf|3.1367621421813965|7|9|33|8|FastDiagP_V3_1|solver_apps/org.sat4j.core.jar|[(12081, [-2])]
./data/linux/prod_1_7.cnf|2.947735071182251|6|9|35|2|FastDiagP_V3_1|solver_apps/org.sat4j.core.jar|[(12079, [196])]
./data/linux/prod_1_7.cnf|2.932943820953369|6|10|35|4|FastDiagP_V3_1|solver_apps/org.sat4j.core.jar|[(12079, [196])]
./data/linux/prod_1_7.cnf|3.0414631366729736|6|10|35|6|FastDiagP_V3_1|solver_apps/org.sat4j.core.jar|[(12079, [196])]
./data/linux/prod_1_7.cnf|3.1098148822784424|6|11|35|8|FastDiagP_V3_1|solver_apps/org.sat4j.core.jar|[(12079, [196])]
./data/linux/prod_1_8.cnf|2.1548969745635986|3|10|14|2|FastDiagP_V3_1|solver_apps/org.sat4j.core.jar|[(12079, [-2])]
./data/linux/prod_1_8.cnf|2.0076522827148438|3|13|14|4|FastDiagP_V3_1|solver_apps/org.sat4j.core.jar|[(12079, [-2])]
./data/linux/prod_1_8.cnf|2.1017379760742188|3|13|14|6|FastDiagP_V3_1|solver_apps/org.sat4j.core.jar|[(12079, [-2])]
./data/linux/prod_1_8.cnf|2.1005311012268066|3|13|14|8|FastDiagP_V3_1|solver_apps/org.sat4j.core.jar|[(12079, [-2])]
./data/linux/prod_1_9.cnf|2.156766176223755|3|9|14|2|FastDiagP_V3_1|solver_apps/org.sat4j.core.jar|[(12081, [-103])]
./data/linux/prod_1_9.cnf|2.0260980129241943|3|13|14|4|FastDiagP_V3_1|solver_apps/org.sat4j.core.jar|[(12081, [-103])]
./data/linux/prod_1_9.cnf|2.080543041229248|3|13|14|6|FastDiagP_V3_1|solver_apps/org.sat4j.core.jar|[(12081, [-103])]
./data/linux/prod_1_9.cnf|2.1095681190490723|3|13|14|8|FastDiagP_V3_1|solver_apps/org.sat4j.core.jar|[(12081, [-103])]
./data/linux/prod_1_10.cnf|2.4838531017303467|5|9|23|2|FastDiagP_V3_1|solver_apps/org.sat4j.core.jar|[(12091, [-2])]
./data/linux/prod_1_10.cnf|2.5045571327209473|5|12|23|4|FastDiagP_V3_1|solver_apps/org.sat4j.core.jar|[(12091, [-2])]
./data/linux/prod_1_10.cnf|2.560157060623169|5|12|23|6|FastDiagP_V3_1|solver_apps/org.sat4j.core.jar|[(12091, [-2])]
./data/linux/prod_1_10.cnf|2.5686888694763184|5|12|23|8|FastDiagP_V3_1|solver_apps/org.sat4j.core.jar|[(12091, [-2])]
./data/linux/prod_2_1.cnf|3.829231023788452|8|10|44|2|FastDiagP_V3_1|solver_apps/org.sat4j.core.jar|[(12077, [246]), (12104, [196])]
./data/linux/prod_2_1.cnf|3.442775011062622|8|14|44|4|FastDiagP_V3_1|solver_apps/org.sat4j.core.jar|[(12077, [246]), (12104, [196])]
./data/linux/prod_2_1.cnf|3.6138041019439697|8|15|44|6|FastDiagP_V3_1|solver_apps/org.sat4j.core.jar|[(12077, [246]), (12104, [196])]
./data/linux/prod_2_1.cnf|3.709472894668579|8|15|44|8|FastDiagP_V3_1|solver_apps/org.sat4j.core.jar|[(12077, [246]), (12104, [196])]
./data/linux/prod_2_2.cnf|4.668952941894531|10|7|58|2|FastDiagP_V3_1|solver_apps/org.sat4j.core.jar|[(12089, [196]), (12120, [119])]
./data/linux/prod_2_2.cnf|3.8930468559265137|10|12|58|4|FastDiagP_V3_1|solver_apps/org.sat4j.core.jar|[(12089, [196]), (12120, [119])]
./data/linux/prod_2_2.cnf|4.1258509159088135|10|12|58|6|FastDiagP_V3_1|solver_apps/org.sat4j.core.jar|[(12089, [196]), (12120, [119])]
./data/linux/prod_2_2.cnf|4.217895984649658|10|12|58|8|FastDiagP_V3_1|solver_apps/org.sat4j.core.jar|[(12089, [196]), (12120, [119])]
./data/linux/prod_2_3.cnf|3.9001688957214355|9|7|51|2|FastDiagP_V3_1|solver_apps/org.sat4j.core.jar|[(12088, [196]), (12103, [-107])]
./data/linux/prod_2_3.cnf|3.686185359954834|9|14|51|4|FastDiagP_V3_1|solver_apps/org.sat4j.core.jar|[(12088, [196]), (12103, [-107])]
./data/linux/prod_2_3.cnf|3.862096071243286|9|14|51|6|FastDiagP_V3_1|solver_apps/org.sat4j.core.jar|[(12088, [196]), (12103, [-107])]
./data/linux/prod_2_3.cnf|3.918999195098877|9|14|51|8|FastDiagP_V3_1|solver_apps/org.sat4j.core.jar|[(12088, [196]), (12103, [-107])]
./data/linux/prod_2_4.cnf|5.893064022064209|14|7|79|2|FastDiagP_V3_1|solver_apps/org.sat4j.core.jar|[(12085, [119]), (12109, [196])]
./data/linux/prod_2_4.cnf|4.9186859130859375|14|9|79|4|FastDiagP_V3_1|solver_apps/org.sat4j.core.jar|[(12085, [119]), (12109, [196])]
./data/linux/prod_2_4.cnf|5.0800957679748535|14|9|79|6|FastDiagP_V3_1|solver_apps/org.sat4j.core.jar|[(12085, [119]), (12109, [196])]
./data/linux/prod_2_4.cnf|5.232452869415283|14|10|79|8|FastDiagP_V3_1|solver_apps/org.sat4j.core.jar|[(12085, [119]), (12109, [196])]
./data/linux/prod_2_5.cnf|4.50495982170105|10|8|58|2|FastDiagP_V3_1|solver_apps/org.sat4j.core.jar|[(12090, [119]), (12107, [-2])]
./data/linux/prod_2_5.cnf|3.8571250438690186|10|11|58|4|FastDiagP_V3_1|solver_apps/org.sat4j.core.jar|[(12090, [119]), (12107, [-2])]
./data/linux/prod_2_5.cnf|4.102841854095459|10|12|58|6|FastDiagP_V3_1|solver_apps/org.sat4j.core.jar|[(12090, [119]), (12107, [-2])]
./data/linux/prod_2_5.cnf|4.144174098968506|10|12|58|8|FastDiagP_V3_1|solver_apps/org.sat4j.core.jar|[(12090, [119]), (12107, [-2])]
./data/linux/prod_2_6.cnf|3.5368237495422363|9|11|39|2|FastDiagP_V3_1|solver_apps/org.sat4j.core.jar|[(12085, [-10]), (12092, [-2])]
./data/linux/prod_2_6.cnf|3.4515860080718994|9|11|39|4|FastDiagP_V3_1|solver_apps/org.sat4j.core.jar|[(12085, [-10]), (12092, [-2])]
./data/linux/prod_2_6.cnf|3.5774519443511963|9|11|39|6|FastDiagP_V3_1|solver_apps/org.sat4j.core.jar|[(12085, [-10]), (12092, [-2])]
./data/linux/prod_2_6.cnf|3.4979069232940674|9|11|39|8|FastDiagP_V3_1|solver_apps/org.sat4j.core.jar|[(12085, [-10]), (12092, [-2])]
./data/linux/prod_2_7.cnf|4.578675031661987|10|8|58|2|FastDiagP_V3_1|solver_apps/org.sat4j.core.jar|[(12087, [119]), (12101, [-10])]
./data/linux/prod_2_7.cnf|3.8484699726104736|10|12|58|4|FastDiagP_V3_1|solver_apps/org.sat4j.core.jar|[(12087, [119]), (12101, [-10])]
./data/linux/prod_2_7.cnf|4.077486038208008|10|13|58|6|FastDiagP_V3_1|solver_apps/org.sat4j.core.jar|[(12087, [119]), (12101, [-10])]
./data/linux/prod_2_7.cnf|4.178313970565796|10|13|58|8|FastDiagP_V3_1|solver_apps/org.sat4j.core.jar|[(12087, [119]), (12101, [-10])]
./data/linux/prod_2_8.cnf|4.840085983276367|12|7|67|2|FastDiagP_V3_1|solver_apps/org.sat4j.core.jar|[(12085, [196]), (12090, [119])]
./data/linux/prod_2_8.cnf|4.295958042144775|12|12|67|4|FastDiagP_V3_1|solver_apps/org.sat4j.core.jar|[(12085, [196]), (12090, [119])]
./data/linux/prod_2_8.cnf|4.644397020339966|12|13|67|6|FastDiagP_V3_1|solver_apps/org.sat4j.core.jar|[(12085, [196]), (12090, [119])]
./data/linux/prod_2_8.cnf|4.645600080490112|12|12|67|8|FastDiagP_V3_1|solver_apps/org.sat4j.core.jar|[(12085, [196]), (12090, [119])]
./data/linux/prod_2_9.cnf|3.1400768756866455|6|9|34|2|FastDiagP_V3_1|solver_apps/org.sat4j.core.jar|[(12103, [-2]), (12109, [-103])]
./data/linux/prod_2_9.cnf|2.857722043991089|6|15|34|4|FastDiagP_V3_1|solver_apps/org.sat4j.core.jar|[(12103, [-2]), (12109, [-103])]
./data/linux/prod_2_9.cnf|3.0136220455169678|6|15|34|6|FastDiagP_V3_1|solver_apps/org.sat4j.core.jar|[(12103, [-2]), (12109, [-103])]
./data/linux/prod_2_9.cnf|3.0509870052337646|6|15|34|8|FastDiagP_V3_1|solver_apps/org.sat4j.core.jar|[(12103, [-2]), (12109, [-103])]
./data/linux/prod_2_10.cnf|3.3910467624664307|8|9|38|2|FastDiagP_V3_1|solver_apps/org.sat4j.core.jar|[(12083, [-107]), (12086, [-10])]
./data/linux/prod_2_10.cnf|3.1610970497131348|8|10|38|4|FastDiagP_V3_1|solver_apps/org.sat4j.core.jar|[(12083, [-107]), (12086, [-10])]
./data/linux/prod_2_10.cnf|3.348242998123169|8|10|38|6|FastDiagP_V3_1|solver_apps/org.sat4j.core.jar|[(12083, [-107]), (12086, [-10])]
./data/linux/prod_2_10.cnf|3.3582398891448975|8|10|38|8|FastDiagP_V3_1|solver_apps/org.sat4j.core.jar|[(12083, [-107]), (12086, [-10])]
./data/linux/prod_4_1.cnf|8.337831974029541|19|9|121|2|FastDiagP_V3_1|solver_apps/org.sat4j.core.jar|[(12076, [254]), (12088, [271]), (12108, [196]), (12130, [119])]
./data/linux/prod_4_1.cnf|6.661065101623535|19|21|121|4|FastDiagP_V3_1|solver_apps/org.sat4j.core.jar|[(12076, [254]), (12088, [271]), (12108, [196]), (12130, [119])]
./data/linux/prod_4_1.cnf|7.034864187240601|19|22|121|6|FastDiagP_V3_1|solver_apps/org.sat4j.core.jar|[(12076, [254]), (12088, [271]), (12108, [196]), (12130, [119])]
./data/linux/prod_4_1.cnf|7.286677122116089|19|22|121|8|FastDiagP_V3_1|solver_apps/org.sat4j.core.jar|[(12076, [254]), (12088, [271]), (12108, [196]), (12130, [119])]
./data/linux/prod_4_2.cnf|8.815514087677002|20|7|128|2|FastDiagP_V3_1|solver_apps/org.sat4j.core.jar|[(12091, [196]), (12115, [271]), (12133, [254]), (12165, [-257])]
./data/linux/prod_4_2.cnf|6.925477027893066|20|20|128|4|FastDiagP_V3_1|solver_apps/org.sat4j.core.jar|[(12091, [196]), (12115, [271]), (12133, [254]), (12165, [-257])]
./data/linux/prod_4_2.cnf|7.607953310012817|20|21|128|6|FastDiagP_V3_1|solver_apps/org.sat4j.core.jar|[(12091, [196]), (12115, [271]), (12133, [254]), (12165, [-257])]
./data/linux/prod_4_2.cnf|7.66779899597168|20|21|128|8|FastDiagP_V3_1|solver_apps/org.sat4j.core.jar|[(12091, [196]), (12115, [271]), (12133, [254]), (12165, [-257])]
./data/linux/prod_4_3.cnf|8.00896692276001|19|7|109|2|FastDiagP_V3_1|solver_apps/org.sat4j.core.jar|[(12079, [196]), (12119, [119]), (12147, [-257]), (12152, [271])]
./data/linux/prod_4_3.cnf|6.541473150253296|19|18|109|4|FastDiagP_V3_1|solver_apps/org.sat4j.core.jar|[(12079, [196]), (12119, [119]), (12147, [-257]), (12152, [271])]
./data/linux/prod_4_3.cnf|6.869961977005005|19|18|109|6|FastDiagP_V3_1|solver_apps/org.sat4j.core.jar|[(12079, [196]), (12119, [119]), (12147, [-257]), (12152, [271])]
./data/linux/prod_4_3.cnf|7.068156957626343|19|19|109|8|FastDiagP_V3_1|solver_apps/org.sat4j.core.jar|[(12079, [196]), (12119, [119]), (12147, [-257]), (12152, [271])]
./data/linux/prod_4_4.cnf|9.570978879928589|23|7|149|2|FastDiagP_V3_1|solver_apps/org.sat4j.core.jar|[(12077, [271]), (12102, [246]), (12122, [119]), (12128, [254])]
./data/linux/prod_4_4.cnf|7.61208701133728|23|16|149|4|FastDiagP_V3_1|solver_apps/org.sat4j.core.jar|[(12077, [271]), (12102, [246]), (12122, [119]), (12128, [254])]
./data/linux/prod_4_4.cnf|8.276317119598389|23|17|149|6|FastDiagP_V3_1|solver_apps/org.sat4j.core.jar|[(12077, [271]), (12102, [246]), (12122, [119]), (12128, [254])]
./data/linux/prod_4_4.cnf|8.506035327911377|23|17|149|8|FastDiagP_V3_1|solver_apps/org.sat4j.core.jar|[(12077, [271]), (12102, [246]), (12122, [119]), (12128, [254])]
./data/linux/prod_4_5.cnf|5.894886016845703|14|10|78|2|FastDiagP_V3_1|solver_apps/org.sat4j.core.jar|[(12078, [246]), (12081, [119]), (12096, [254]), (12141, [196])]
./data/linux/prod_4_5.cnf|4.9246368408203125|14|22|78|4|FastDiagP_V3_1|solver_apps/org.sat4j.core.jar|[(12078, [246]), (12081, [119]), (12096, [254]), (12141, [196])]
./data/linux/prod_4_5.cnf|5.194270849227905|14|22|78|6|FastDiagP_V3_1|solver_apps/org.sat4j.core.jar|[(12078, [246]), (12081, [119]), (12096, [254]), (12141, [196])]
./data/linux/prod_4_5.cnf|5.317076921463013|14|22|78|8|FastDiagP_V3_1|solver_apps/org.sat4j.core.jar|[(12078, [246]), (12081, [119]), (12096, [254]), (12141, [196])]
./data/linux/prod_4_6.cnf|6.12668514251709|14|7|85|2|FastDiagP_V3_1|solver_apps/org.sat4j.core.jar|[(12083, [246]), (12148, [271]), (12156, [-10]), (12157, [196])]
./data/linux/prod_4_6.cnf|5.049056053161621|14|16|85|4|FastDiagP_V3_1|solver_apps/org.sat4j.core.jar|[(12083, [246]), (12148, [271]), (12156, [-10]), (12157, [196])]
./data/linux/prod_4_6.cnf|5.428231954574585|14|16|85|6|FastDiagP_V3_1|solver_apps/org.sat4j.core.jar|[(12083, [246]), (12148, [271]), (12156, [-10]), (12157, [196])]
./data/linux/prod_4_6.cnf|5.480953216552734|14|16|85|8|FastDiagP_V3_1|solver_apps/org.sat4j.core.jar|[(12083, [246]), (12148, [271]), (12156, [-10]), (12157, [196])]
./data/linux/prod_4_7.cnf|6.275182723999023|14|8|85|2|FastDiagP_V3_1|solver_apps/org.sat4j.core.jar|[(12099, [246]), (12112, [196]), (12117, [119]), (12126, [-10])]
./data/linux/prod_4_7.cnf|5.035724878311157|14|21|85|4|FastDiagP_V3_1|solver_apps/org.sat4j.core.jar|[(12099, [246]), (12112, [196]), (12117, [119]), (12126, [-10])]
./data/linux/prod_4_7.cnf|5.370998859405518|14|21|85|6|FastDiagP_V3_1|solver_apps/org.sat4j.core.jar|[(12099, [246]), (12112, [196]), (12117, [119]), (12126, [-10])]
./data/linux/prod_4_7.cnf|5.534643173217773|14|20|85|8|FastDiagP_V3_1|solver_apps/org.sat4j.core.jar|[(12099, [246]), (12112, [196]), (12117, [119]), (12126, [-10])]
./data/linux/prod_4_8.cnf|6.74934196472168|16|10|90|2|FastDiagP_V3_1|solver_apps/org.sat4j.core.jar|[(12086, [254]), (12105, [271]), (12110, [196]), (12136, [246])]
./data/linux/prod_4_8.cnf|5.563935995101929|16|17|90|4|FastDiagP_V3_1|solver_apps/org.sat4j.core.jar|[(12086, [254]), (12105, [271]), (12110, [196]), (12136, [246])]
./data/linux/prod_4_8.cnf|5.892066955566406|16|18|90|6|FastDiagP_V3_1|solver_apps/org.sat4j.core.jar|[(12086, [254]), (12105, [271]), (12110, [196]), (12136, [246])]
./data/linux/prod_4_8.cnf|5.962176084518433|16|18|90|8|FastDiagP_V3_1|solver_apps/org.sat4j.core.jar|[(12086, [254]), (12105, [271]), (12110, [196]), (12136, [246])]
./data/linux/prod_4_9.cnf|7.211148023605347|17|7|99|2|FastDiagP_V3_1|solver_apps/org.sat4j.core.jar|[(12093, [196]), (12095, [246]), (12100, [254]), (12127, [119])]
./data/linux/prod_4_9.cnf|5.764078617095947|17|14|99|4|FastDiagP_V3_1|solver_apps/org.sat4j.core.jar|[(12093, [196]), (12095, [246]), (12100, [254]), (12127, [119])]
./data/linux/prod_4_9.cnf|6.1025238037109375|17|15|99|6|FastDiagP_V3_1|solver_apps/org.sat4j.core.jar|[(12093, [196]), (12095, [246]), (12100, [254]), (12127, [119])]
./data/linux/prod_4_9.cnf|6.17815089225769|17|15|99|8|FastDiagP_V3_1|solver_apps/org.sat4j.core.jar|[(12093, [196]), (12095, [246]), (12100, [254]), (12127, [119])]
./data/linux/prod_4_10.cnf|6.41211199760437|15|7|86|2|FastDiagP_V3_1|solver_apps/org.sat4j.core.jar|[(12108, [196]), (12119, [119]), (12147, [246]), (12148, [-103])]
./data/linux/prod_4_10.cnf|5.152779817581177|15|16|86|4|FastDiagP_V3_1|solver_apps/org.sat4j.core.jar|[(12108, [196]), (12119, [119]), (12147, [246]), (12148, [-103])]
./data/linux/prod_4_10.cnf|5.528467893600464|15|16|86|6|FastDiagP_V3_1|solver_apps/org.sat4j.core.jar|[(12108, [196]), (12119, [119]), (12147, [246]), (12148, [-103])]
./data/linux/prod_4_10.cnf|5.692852973937988|15|17|86|8|FastDiagP_V3_1|solver_apps/org.sat4j.core.jar|[(12108, [196]), (12119, [119]), (12147, [246]), (12148, [-103])]
./data/linux/prod_8_1.cnf|13.752806186676025|35|10|211|2|FastDiagP_V3_1|solver_apps/org.sat4j.core.jar|[(12079, [1010]), (12090, [254]), (12104, [196]), (12122, [999]), (12154, [246]), (12160, [119]), (12189, [797]), (12216, [-693])]
./data/linux/prod_8_1.cnf|10.866525173187256|35|32|211|4|FastDiagP_V3_1|solver_apps/org.sat4j.core.jar|[(12079, [1010]), (12090, [254]), (12104, [196]), (12122, [999]), (12154, [246]), (12160, [119]), (12189, [797]), (12216, [-693])]
./data/linux/prod_8_1.cnf|11.642405033111572|35|32|211|6|FastDiagP_V3_1|solver_apps/org.sat4j.core.jar|[(12079, [1010]), (12090, [254]), (12104, [196]), (12122, [999]), (12154, [246]), (12160, [119]), (12189, [797]), (12216, [-693])]
./data/linux/prod_8_1.cnf|11.839457750320435|35|32|211|8|FastDiagP_V3_1|solver_apps/org.sat4j.core.jar|[(12079, [1010]), (12090, [254]), (12104, [196]), (12122, [999]), (12154, [246]), (12160, [119]), (12189, [797]), (12216, [-693])]
./data/linux/prod_8_2.cnf|11.597500085830688|30|9|170|2|FastDiagP_V3_1|solver_apps/org.sat4j.core.jar|[(12107, [254]), (12111, [271]), (12115, [1010]), (12141, [196]), (12154, [246]), (12158, [119]), (12173, [797]), (12223, [-698])]
./data/linux/prod_8_2.cnf|9.18749213218689|30|25|170|4|FastDiagP_V3_1|solver_apps/org.sat4j.core.jar|[(12107, [254]), (12111, [271]), (12115, [1010]), (12141, [196]), (12154, [246]), (12158, [119]), (12173, [797]), (12223, [-698])]
./data/linux/prod_8_2.cnf|9.533847093582153|30|24|170|6|FastDiagP_V3_1|solver_apps/org.sat4j.core.jar|[(12107, [254]), (12111, [271]), (12115, [1010]), (12141, [196]), (12154, [246]), (12158, [119]), (12173, [797]), (12223, [-698])]
./data/linux/prod_8_2.cnf|9.613570928573608|30|26|170|8|FastDiagP_V3_1|solver_apps/org.sat4j.core.jar|[(12107, [254]), (12111, [271]), (12115, [1010]), (12141, [196]), (12154, [246]), (12158, [119]), (12173, [797]), (12223, [-698])]
./data/linux/prod_8_3.cnf|13.063484907150269|32|8|198|2|FastDiagP_V3_1|solver_apps/org.sat4j.core.jar|[(12077, [271]), (12087, [196]), (12146, [797]), (12147, [999]), (12161, [246]), (12168, [119]), (12188, [1010]), (12212, [254])]
./data/linux/prod_8_3.cnf|10.166545152664185|32|33|198|4|FastDiagP_V3_1|solver_apps/org.sat4j.core.jar|[(12077, [271]), (12087, [196]), (12146, [797]), (12147, [999]), (12161, [246]), (12168, [119]), (12188, [1010]), (12212, [254])]
./data/linux/prod_8_3.cnf|10.951956033706665|32|35|198|6|FastDiagP_V3_1|solver_apps/org.sat4j.core.jar|[(12077, [271]), (12087, [196]), (12146, [797]), (12147, [999]), (12161, [246]), (12168, [119]), (12188, [1010]), (12212, [254])]
./data/linux/prod_8_3.cnf|11.007508039474487|32|35|198|8|FastDiagP_V3_1|solver_apps/org.sat4j.core.jar|[(12077, [271]), (12087, [196]), (12146, [797]), (12147, [999]), (12161, [246]), (12168, [119]), (12188, [1010]), (12212, [254])]
./data/linux/prod_8_4.cnf|11.282505989074707|28|14|159|2|FastDiagP_V3_1|solver_apps/org.sat4j.core.jar|[(12116, [254]), (12129, [1010]), (12163, [271]), (12184, [196]), (12192, [246]), (12204, [797]), (12220, [119]), (12223, [999])]
./data/linux/prod_8_4.cnf|8.829355955123901|28|27|159|4|FastDiagP_V3_1|solver_apps/org.sat4j.core.jar|[(12116, [254]), (12129, [1010]), (12163, [271]), (12184, [196]), (12192, [246]), (12204, [797]), (12220, [119]), (12223, [999])]
./data/linux/prod_8_4.cnf|9.21949291229248|28|29|159|6|FastDiagP_V3_1|solver_apps/org.sat4j.core.jar|[(12116, [254]), (12129, [1010]), (12163, [271]), (12184, [196]), (12192, [246]), (12204, [797]), (12220, [119]), (12223, [999])]
./data/linux/prod_8_4.cnf|9.382781028747559|28|30|159|8|FastDiagP_V3_1|solver_apps/org.sat4j.core.jar|[(12116, [254]), (12129, [1010]), (12163, [271]), (12184, [196]), (12192, [246]), (12204, [797]), (12220, [119]), (12223, [999])]
./data/linux/prod_8_5.cnf|10.355076789855957|27|12|154|2|FastDiagP_V3_1|solver_apps/org.sat4j.core.jar|[(12077, [119]), (12086, [246]), (12091, [254]), (12101, [271]), (12124, [196]), (12154, [-693]), (12163, [-2]), (12169, [-103])]
./data/linux/prod_8_5.cnf|8.409389019012451|27|26|154|4|FastDiagP_V3_1|solver_apps/org.sat4j.core.jar|[(12077, [119]), (12086, [246]), (12091, [254]), (12101, [271]), (12124, [196]), (12154, [-693]), (12163, [-2]), (12169, [-103])]
./data/linux/prod_8_5.cnf|8.843649625778198|27|27|154|6|FastDiagP_V3_1|solver_apps/org.sat4j.core.jar|[(12077, [119]), (12086, [246]), (12091, [254]), (12101, [271]), (12124, [196]), (12154, [-693]), (12163, [-2]), (12169, [-103])]
./data/linux/prod_8_5.cnf|9.067846775054932|27|27|154|8|FastDiagP_V3_1|solver_apps/org.sat4j.core.jar|[(12077, [119]), (12086, [246]), (12091, [254]), (12101, [271]), (12124, [196]), (12154, [-693]), (12163, [-2]), (12169, [-103])]
./data/linux/prod_8_6.cnf|10.562509775161743|28|8|157|2|FastDiagP_V3_1|solver_apps/org.sat4j.core.jar|[(12079, [271]), (12105, [196]), (12115, [254]), (12119, [246]), (12127, [119]), (12136, [-198]), (12138, [-2]), (12144, [-256])]
./data/linux/prod_8_6.cnf|8.510361194610596|28|29|157|4|FastDiagP_V3_1|solver_apps/org.sat4j.core.jar|[(12079, [271]), (12105, [196]), (12115, [254]), (12119, [246]), (12127, [119]), (12136, [-198]), (12138, [-2]), (12144, [-256])]
./data/linux/prod_8_6.cnf|8.95641303062439|28|30|157|6|FastDiagP_V3_1|solver_apps/org.sat4j.core.jar|[(12079, [271]), (12105, [196]), (12115, [254]), (12119, [246]), (12127, [119]), (12136, [-198]), (12138, [-2]), (12144, [-256])]
./data/linux/prod_8_6.cnf|9.11707615852356|28|31|157|8|FastDiagP_V3_1|solver_apps/org.sat4j.core.jar|[(12079, [271]), (12105, [196]), (12115, [254]), (12119, [246]), (12127, [119]), (12136, [-198]), (12138, [-2]), (12144, [-256])]
./data/linux/prod_8_7.cnf|9.691686153411865|25|12|140|2|FastDiagP_V3_1|solver_apps/org.sat4j.core.jar|[(12086, [246]), (12134, [254]), (12143, [119]), (12148, [-203]), (12153, [-103]), (12155, [-10]), (12158, [-690]), (12167, [271])]
./data/linux/prod_8_7.cnf|7.806022882461548|25|24|140|4|FastDiagP_V3_1|solver_apps/org.sat4j.core.jar|[(12086, [246]), (12134, [254]), (12143, [119]), (12148, [-203]), (12153, [-103]), (12155, [-10]), (12158, [-690]), (12167, [271])]
./data/linux/prod_8_7.cnf|8.21817684173584|25|25|140|6|FastDiagP_V3_1|solver_apps/org.sat4j.core.jar|[(12086, [246]), (12134, [254]), (12143, [119]), (12148, [-203]), (12153, [-103]), (12155, [-10]), (12158, [-690]), (12167, [271])]
./data/linux/prod_8_7.cnf|8.365245819091797|25|25|140|8|FastDiagP_V3_1|solver_apps/org.sat4j.core.jar|[(12086, [246]), (12134, [254]), (12143, [119]), (12148, [-203]), (12153, [-103]), (12155, [-10]), (12158, [-690]), (12167, [271])]
./data/linux/prod_8_8.cnf|10.343768119812012|26|13|144|2|FastDiagP_V3_1|solver_apps/org.sat4j.core.jar|[(12117, [246]), (12129, [254]), (12130, [196]), (12137, [119]), (12144, [271]), (12164, [-107]), (12171, [-690]), (12175, [-198])]
./data/linux/prod_8_8.cnf|8.063159942626953|26|21|144|4|FastDiagP_V3_1|solver_apps/org.sat4j.core.jar|[(12117, [246]), (12129, [254]), (12130, [196]), (12137, [119]), (12144, [271]), (12164, [-107]), (12171, [-690]), (12175, [-198])]
./data/linux/prod_8_8.cnf|8.461791038513184|26|21|144|6|FastDiagP_V3_1|solver_apps/org.sat4j.core.jar|[(12117, [246]), (12129, [254]), (12130, [196]), (12137, [119]), (12144, [271]), (12164, [-107]), (12171, [-690]), (12175, [-198])]
./data/linux/prod_8_8.cnf|8.490999698638916|26|23|144|8|FastDiagP_V3_1|solver_apps/org.sat4j.core.jar|[(12117, [246]), (12129, [254]), (12130, [196]), (12137, [119]), (12144, [271]), (12164, [-107]), (12171, [-690]), (12175, [-198])]
./data/linux/prod_8_9.cnf|10.792700052261353|28|11|147|2|FastDiagP_V3_1|solver_apps/org.sat4j.core.jar|[(12078, [246]), (12096, [119]), (12124, [271]), (12132, [196]), (12145, [-202]), (12155, [-103]), (12159, [254]), (12160, [-198])]
./data/linux/prod_8_9.cnf|8.54482889175415|28|21|147|4|FastDiagP_V3_1|solver_apps/org.sat4j.core.jar|[(12078, [246]), (12096, [119]), (12124, [271]), (12132, [196]), (12145, [-202]), (12155, [-103]), (12159, [254]), (12160, [-198])]
./data/linux/prod_8_9.cnf|8.887474775314331|28|23|147|6|FastDiagP_V3_1|solver_apps/org.sat4j.core.jar|[(12078, [246]), (12096, [119]), (12124, [271]), (12132, [196]), (12145, [-202]), (12155, [-103]), (12159, [254]), (12160, [-198])]
./data/linux/prod_8_9.cnf|8.903136968612671|28|24|147|8|FastDiagP_V3_1|solver_apps/org.sat4j.core.jar|[(12078, [246]), (12096, [119]), (12124, [271]), (12132, [196]), (12145, [-202]), (12155, [-103]), (12159, [254]), (12160, [-198])]
./data/linux/prod_8_10.cnf|9.970930814743042|25|10|147|2|FastDiagP_V3_1|solver_apps/org.sat4j.core.jar|[(12085, [246]), (12142, [271]), (12143, [254]), (12149, [196]), (12151, [119]), (12161, [-107]), (12166, [-103]), (12167, [-285])]
./data/linux/prod_8_10.cnf|7.898400068283081|25|21|147|4|FastDiagP_V3_1|solver_apps/org.sat4j.core.jar|[(12085, [246]), (12142, [271]), (12143, [254]), (12149, [196]), (12151, [119]), (12161, [-107]), (12166, [-103]), (12167, [-285])]
./data/linux/prod_8_10.cnf|8.359990119934082|25|21|147|6|FastDiagP_V3_1|solver_apps/org.sat4j.core.jar|[(12085, [246]), (12142, [271]), (12143, [254]), (12149, [196]), (12151, [119]), (12161, [-107]), (12166, [-103]), (12167, [-285])]
./data/linux/prod_8_10.cnf|8.40927791595459|25|22|147|8|FastDiagP_V3_1|solver_apps/org.sat4j.core.jar|[(12085, [246]), (12142, [271]), (12143, [254]), (12149, [196]), (12151, [119]), (12161, [-107]), (12166, [-103]), (12167, [-285])]
./data/linux/prod_16_1.cnf|27.048799991607666|71|8|426|2|FastDiagP_V3_1|solver_apps/org.sat4j.core.jar|[(12079, [119]), (12090, [1524]), (12113, [1247]), (12119, [1235]), (12134, [1780]), (12149, [1010]), (12160, [999]), (12175, [1791]), (12222, [254]), (12231, [1251]), (12237, [1495]), (12241, [271]), (12248, [1756]), (12260, [1773]), (12268, [797]), (12313, [-124])]
./data/linux/prod_16_1.cnf|20.128632068634033|71|48|426|4|FastDiagP_V3_1|solver_apps/org.sat4j.core.jar|[(12079, [119]), (12090, [1524]), (12113, [1247]), (12119, [1235]), (12134, [1780]), (12149, [1010]), (12160, [999]), (12175, [1791]), (12222, [254]), (12231, [1251]), (12237, [1495]), (12241, [271]), (12248, [1756]), (12260, [1773]), (12268, [797]), (12313, [-124])]
./data/linux/prod_16_1.cnf|21.59285831451416|71|49|426|6|FastDiagP_V3_1|solver_apps/org.sat4j.core.jar|[(12079, [119]), (12090, [1524]), (12113, [1247]), (12119, [1235]), (12134, [1780]), (12149, [1010]), (12160, [999]), (12175, [1791]), (12222, [254]), (12231, [1251]), (12237, [1495]), (12241, [271]), (12248, [1756]), (12260, [1773]), (12268, [797]), (12313, [-124])]
./data/linux/prod_16_1.cnf|22.118243932724|71|50|426|8|FastDiagP_V3_1|solver_apps/org.sat4j.core.jar|[(12079, [119]), (12090, [1524]), (12113, [1247]), (12119, [1235]), (12134, [1780]), (12149, [1010]), (12160, [999]), (12175, [1791]), (12222, [254]), (12231, [1251]), (12237, [1495]), (12241, [271]), (12248, [1756]), (12260, [1773]), (12268, [797]), (12313, [-124])]
./data/linux/prod_16_2.cnf|22.611418962478638|61|14|347|2|FastDiagP_V3_1|solver_apps/org.sat4j.core.jar|[(12086, [246]), (12103, [1247]), (12116, [1249]), (12127, [1495]), (12151, [196]), (12166, [797]), (12169, [271]), (12175, [254]), (12196, [1509]), (12202, [201]), (12222, [812]), (12246, [90]), (12253, [119]), (12260, [-1002]), (12268, [-107]), (12275, [-202])]
./data/linux/prod_16_2.cnf|17.40006923675537|61|49|347|4|FastDiagP_V3_1|solver_apps/org.sat4j.core.jar|[(12086, [246]), (12103, [1247]), (12116, [1249]), (12127, [1495]), (12151, [196]), (12166, [797]), (12169, [271]), (12175, [254]), (12196, [1509]), (12202, [201]), (12222, [812]), (12246, [90]), (12253, [119]), (12260, [-1002]), (12268, [-107]), (12275, [-202])]
./data/linux/prod_16_2.cnf|18.402626037597656|61|51|347|6|FastDiagP_V3_1|solver_apps/org.sat4j.core.jar|[(12086, [246]), (12103, [1247]), (12116, [1249]), (12127, [1495]), (12151, [196]), (12166, [797]), (12169, [271]), (12175, [254]), (12196, [1509]), (12202, [201]), (12222, [812]), (12246, [90]), (12253, [119]), (12260, [-1002]), (12268, [-107]), (12275, [-202])]
./data/linux/prod_16_2.cnf|18.542279958724976|61|52|347|8|FastDiagP_V3_1|solver_apps/org.sat4j.core.jar|[(12086, [246]), (12103, [1247]), (12116, [1249]), (12127, [1495]), (12151, [196]), (12166, [797]), (12169, [271]), (12175, [254]), (12196, [1509]), (12202, [201]), (12222, [812]), (12246, [90]), (12253, [119]), (12260, [-1002]), (12268, [-107]), (12275, [-202])]
./data/linux/prod_16_3.cnf|19.4494891166687|53|12|302|2|FastDiagP_V3_1|solver_apps/org.sat4j.core.jar|[(12081, [1495]), (12094, [1251]), (12127, [246]), (12139, [254]), (12140, [1010]), (12162, [90]), (12169, [196]), (12178, [271]), (12199, [1235]), (12203, [201]), (12210, [797]), (12233, [1249]), (12236, [119]), (12237, [1247]), (12243, [1509]), (12248, [812])]
./data/linux/prod_16_3.cnf|15.446272134780884|53|48|302|4|FastDiagP_V3_1|solver_apps/org.sat4j.core.jar|[(12081, [1495]), (12094, [1251]), (12127, [246]), (12139, [254]), (12140, [1010]), (12162, [90]), (12169, [196]), (12178, [271]), (12199, [1235]), (12203, [201]), (12210, [797]), (12233, [1249]), (12236, [119]), (12237, [1247]), (12243, [1509]), (12248, [812])]
./data/linux/prod_16_3.cnf|16.221879959106445|53|49|302|6|FastDiagP_V3_1|solver_apps/org.sat4j.core.jar|[(12081, [1495]), (12094, [1251]), (12127, [246]), (12139, [254]), (12140, [1010]), (12162, [90]), (12169, [196]), (12178, [271]), (12199, [1235]), (12203, [201]), (12210, [797]), (12233, [1249]), (12236, [119]), (12237, [1247]), (12243, [1509]), (12248, [812])]
./data/linux/prod_16_3.cnf|16.453346014022827|53|52|302|8|FastDiagP_V3_1|solver_apps/org.sat4j.core.jar|[(12081, [1495]), (12094, [1251]), (12127, [246]), (12139, [254]), (12140, [1010]), (12162, [90]), (12169, [196]), (12178, [271]), (12199, [1235]), (12203, [201]), (12210, [797]), (12233, [1249]), (12236, [119]), (12237, [1247]), (12243, [1509]), (12248, [812])]
./data/linux/prod_16_4.cnf|24.345849990844727|65|12|371|2|FastDiagP_V3_1|solver_apps/org.sat4j.core.jar|[(12086, [246]), (12089, [1010]), (12093, [201]), (12100, [1509]), (12113, [196]), (12132, [1251]), (12158, [1247]), (12168, [1235]), (12219, [254]), (12222, [812]), (12227, [1249]), (12242, [797]), (12247, [271]), (12253, [1495]), (12255, [119]), (12270, [-1505])]
./data/linux/prod_16_4.cnf|18.323181867599487|65|30|371|4|FastDiagP_V3_1|solver_apps/org.sat4j.core.jar|[(12086, [246]), (12089, [1010]), (12093, [201]), (12100, [1509]), (12113, [196]), (12132, [1251]), (12158, [1247]), (12168, [1235]), (12219, [254]), (12222, [812]), (12227, [1249]), (12242, [797]), (12247, [271]), (12253, [1495]), (12255, [119]), (12270, [-1505])]
./data/linux/prod_16_4.cnf|19.223172903060913|65|33|371|6|FastDiagP_V3_1|solver_apps/org.sat4j.core.jar|[(12086, [246]), (12089, [1010]), (12093, [201]), (12100, [1509]), (12113, [196]), (12132, [1251]), (12158, [1247]), (12168, [1235]), (12219, [254]), (12222, [812]), (12227, [1249]), (12242, [797]), (12247, [271]), (12253, [1495]), (12255, [119]), (12270, [-1505])]
./data/linux/prod_16_4.cnf|19.389288902282715|65|35|371|8|FastDiagP_V3_1|solver_apps/org.sat4j.core.jar|[(12086, [246]), (12089, [1010]), (12093, [201]), (12100, [1509]), (12113, [196]), (12132, [1251]), (12158, [1247]), (12168, [1235]), (12219, [254]), (12222, [812]), (12227, [1249]), (12242, [797]), (12247, [271]), (12253, [1495]), (12255, [119]), (12270, [-1505])]
./data/linux/prod_16_5.cnf|22.13738203048706|59|12|346|2|FastDiagP_V3_1|solver_apps/org.sat4j.core.jar|[(12078, [1010]), (12101, [812]), (12119, [271]), (12174, [246]), (12182, [201]), (12191, [797]), (12193, [1235]), (12199, [1249]), (12200, [1509]), (12201, [1251]), (12211, [196]), (12225, [119]), (12234, [254]), (12242, [90]), (12266, [-256]), (12272, [-103])]
./data/linux/prod_16_5.cnf|16.855479955673218|59|45|346|4|FastDiagP_V3_1|solver_apps/org.sat4j.core.jar|[(12078, [1010]), (12101, [812]), (12119, [271]), (12174, [246]), (12182, [201]), (12191, [797]), (12193, [1235]), (12199, [1249]), (12200, [1509]), (12201, [1251]), (12211, [196]), (12225, [119]), (12234, [254]), (12242, [90]), (12266, [-256]), (12272, [-103])]
./data/linux/prod_16_5.cnf|18.090704917907715|59|47|346|6|FastDiagP_V3_1|solver_apps/org.sat4j.core.jar|[(12078, [1010]), (12101, [812]), (12119, [271]), (12174, [246]), (12182, [201]), (12191, [797]), (12193, [1235]), (12199, [1249]), (12200, [1509]), (12201, [1251]), (12211, [196]), (12225, [119]), (12234, [254]), (12242, [90]), (12266, [-256]), (12272, [-103])]
./data/linux/prod_16_5.cnf|18.352036237716675|59|47|346|8|FastDiagP_V3_1|solver_apps/org.sat4j.core.jar|[(12078, [1010]), (12101, [812]), (12119, [271]), (12174, [246]), (12182, [201]), (12191, [797]), (12193, [1235]), (12199, [1249]), (12200, [1509]), (12201, [1251]), (12211, [196]), (12225, [119]), (12234, [254]), (12242, [90]), (12266, [-256]), (12272, [-103])]
./data/linux/prod_16_6.cnf|23.605840921401978|57|15|367|2|FastDiagP_V3_1|solver_apps/org.sat4j.core.jar|[(12077, [797]), (12088, [1247]), (12142, [119]), (12147, [90]), (12167, [254]), (12173, [1010]), (12188, [1249]), (12190, [201]), (12191, [196]), (12196, [1495]), (12208, [271]), (12227, [1235]), (12230, [812]), (12241, [1509]), (12249, [246]), (12261, [1251])]
./data/linux/prod_16_6.cnf|17.01917815208435|57|51|367|4|FastDiagP_V3_1|solver_apps/org.sat4j.core.jar|[(12077, [797]), (12088, [1247]), (12142, [119]), (12147, [90]), (12167, [254]), (12173, [1010]), (12188, [1249]), (12190, [201]), (12191, [196]), (12196, [1495]), (12208, [271]), (12227, [1235]), (12230, [812]), (12241, [1509]), (12249, [246]), (12261, [1251])]
./data/linux/prod_16_6.cnf|18.410649061203003|57|51|367|6|FastDiagP_V3_1|solver_apps/org.sat4j.core.jar|[(12077, [797]), (12088, [1247]), (12142, [119]), (12147, [90]), (12167, [254]), (12173, [1010]), (12188, [1249]), (12190, [201]), (12191, [196]), (12196, [1495]), (12208, [271]), (12227, [1235]), (12230, [812]), (12241, [1509]), (12249, [246]), (12261, [1251])]
./data/linux/prod_16_6.cnf|18.847174882888794|57|55|367|8|FastDiagP_V3_1|solver_apps/org.sat4j.core.jar|[(12077, [797]), (12088, [1247]), (12142, [119]), (12147, [90]), (12167, [254]), (12173, [1010]), (12188, [1249]), (12190, [201]), (12191, [196]), (12196, [1495]), (12208, [271]), (12227, [1235]), (12230, [812]), (12241, [1509]), (12249, [246]), (12261, [1251])]
./data/linux/prod_16_7.cnf|21.382704973220825|57|11|327|2|FastDiagP_V3_1|solver_apps/org.sat4j.core.jar|[(12101, [246]), (12104, [271]), (12112, [1509]), (12129, [119]), (12133, [196]), (12136, [201]), (12147, [90]), (12168, [812]), (12172, [1247]), (12179, [1249]), (12195, [1010]), (12199, [254]), (12201, [1251]), (12240, [1495]), (12254, [797]), (12257, [-256])]
./data/linux/prod_16_7.cnf|16.210765838623047|57|35|327|4|FastDiagP_V3_1|solver_apps/org.sat4j.core.jar|[(12101, [246]), (12104, [271]), (12112, [1509]), (12129, [119]), (12133, [196]), (12136, [201]), (12147, [90]), (12168, [812]), (12172, [1247]), (12179, [1249]), (12195, [1010]), (12199, [254]), (12201, [1251]), (12240, [1495]), (12254, [797]), (12257, [-256])]
./data/linux/prod_16_7.cnf|17.134146690368652|57|36|327|6|FastDiagP_V3_1|solver_apps/org.sat4j.core.jar|[(12101, [246]), (12104, [271]), (12112, [1509]), (12129, [119]), (12133, [196]), (12136, [201]), (12147, [90]), (12168, [812]), (12172, [1247]), (12179, [1249]), (12195, [1010]), (12199, [254]), (12201, [1251]), (12240, [1495]), (12254, [797]), (12257, [-256])]
./data/linux/prod_16_7.cnf|17.33935284614563|57|38|327|8|FastDiagP_V3_1|solver_apps/org.sat4j.core.jar|[(12101, [246]), (12104, [271]), (12112, [1509]), (12129, [119]), (12133, [196]), (12136, [201]), (12147, [90]), (12168, [812]), (12172, [1247]), (12179, [1249]), (12195, [1010]), (12199, [254]), (12201, [1251]), (12240, [1495]), (12254, [797]), (12257, [-256])]
./data/linux/prod_16_8.cnf|20.671449899673462|54|9|318|2|FastDiagP_V3_1|solver_apps/org.sat4j.core.jar|[(12101, [246]), (12104, [271]), (12112, [1509]), (12129, [119]), (12133, [196]), (12136, [201]), (12147, [90]), (12168, [812]), (12172, [1247]), (12179, [1249]), (12195, [1010]), (12199, [254]), (12201, [1251]), (12240, [1495]), (12271, [-1001]), (12272, [-800])]
./data/linux/prod_16_8.cnf|15.430348634719849|54|36|318|4|FastDiagP_V3_1|solver_apps/org.sat4j.core.jar|[(12101, [246]), (12104, [271]), (12112, [1509]), (12129, [119]), (12133, [196]), (12136, [201]), (12147, [90]), (12168, [812]), (12172, [1247]), (12179, [1249]), (12195, [1010]), (12199, [254]), (12201, [1251]), (12240, [1495]), (12271, [-1001]), (12272, [-800])]
./data/linux/prod_16_8.cnf|16.439609050750732|54|38|318|6|FastDiagP_V3_1|solver_apps/org.sat4j.core.jar|[(12101, [246]), (12104, [271]), (12112, [1509]), (12129, [119]), (12133, [196]), (12136, [201]), (12147, [90]), (12168, [812]), (12172, [1247]), (12179, [1249]), (12195, [1010]), (12199, [254]), (12201, [1251]), (12240, [1495]), (12271, [-1001]), (12272, [-800])]
./data/linux/prod_16_8.cnf|16.65337300300598|54|39|318|8|FastDiagP_V3_1|solver_apps/org.sat4j.core.jar|[(12101, [246]), (12104, [271]), (12112, [1509]), (12129, [119]), (12133, [196]), (12136, [201]), (12147, [90]), (12168, [812]), (12172, [1247]), (12179, [1249]), (12195, [1010]), (12199, [254]), (12201, [1251]), (12240, [1495]), (12271, [-1001]), (12272, [-800])]
./data/linux/prod_16_9.cnf|21.97315502166748|58|12|342|2|FastDiagP_V3_1|solver_apps/org.sat4j.core.jar|[(12087, [1235]), (12102, [1251]), (12129, [90]), (12130, [1010]), (12157, [812]), (12165, [196]), (12179, [1247]), (12185, [246]), (12186, [201]), (12219, [1249]), (12223, [271]), (12225, [1495]), (12232, [119]), (12252, [254]), (12255, [797]), (12260, [1509])]
./data/linux/prod_16_9.cnf|16.40790891647339|58|35|342|4|FastDiagP_V3_1|solver_apps/org.sat4j.core.jar|[(12087, [1235]), (12102, [1251]), (12129, [90]), (12130, [1010]), (12157, [812]), (12165, [196]), (12179, [1247]), (12185, [246]), (12186, [201]), (12219, [1249]), (12223, [271]), (12225, [1495]), (12232, [119]), (12252, [254]), (12255, [797]), (12260, [1509])]
./data/linux/prod_16_9.cnf|17.50715398788452|58|39|342|6|FastDiagP_V3_1|solver_apps/org.sat4j.core.jar|[(12087, [1235]), (12102, [1251]), (12129, [90]), (12130, [1010]), (12157, [812]), (12165, [196]), (12179, [1247]), (12185, [246]), (12186, [201]), (12219, [1249]), (12223, [271]), (12225, [1495]), (12232, [119]), (12252, [254]), (12255, [797]), (12260, [1509])]
./data/linux/prod_16_9.cnf|17.574912071228027|58|39|342|8|FastDiagP_V3_1|solver_apps/org.sat4j.core.jar|[(12087, [1235]), (12102, [1251]), (12129, [90]), (12130, [1010]), (12157, [812]), (12165, [196]), (12179, [1247]), (12185, [246]), (12186, [201]), (12219, [1249]), (12223, [271]), (12225, [1495]), (12232, [119]), (12252, [254]), (12255, [797]), (12260, [1509])]
./data/linux/prod_16_10.cnf|20.563282012939453|53|13|315|2|FastDiagP_V3_1|solver_apps/org.sat4j.core.jar|[(12081, [1251]), (12099, [1235]), (12100, [246]), (12108, [1249]), (12113, [271]), (12146, [797]), (12179, [119]), (12191, [1495]), (12203, [1247]), (12216, [999]), (12241, [254]), (12242, [1010]), (12264, [-1227]), (12269, [-103]), (12270, [196]), (12272, [-115])]
./data/linux/prod_16_10.cnf|15.541224956512451|53|36|315|4|FastDiagP_V3_1|solver_apps/org.sat4j.core.jar|[(12081, [1251]), (12099, [1235]), (12100, [246]), (12108, [1249]), (12113, [271]), (12146, [797]), (12179, [119]), (12191, [1495]), (12203, [1247]), (12216, [999]), (12241, [254]), (12242, [1010]), (12264, [-1227]), (12269, [-103]), (12270, [196]), (12272, [-115])]
./data/linux/prod_16_10.cnf|16.40277600288391|53|39|315|6|FastDiagP_V3_1|solver_apps/org.sat4j.core.jar|[(12081, [1251]), (12099, [1235]), (12100, [246]), (12108, [1249]), (12113, [271]), (12146, [797]), (12179, [119]), (12191, [1495]), (12203, [1247]), (12216, [999]), (12241, [254]), (12242, [1010]), (12264, [-1227]), (12269, [-103]), (12270, [196]), (12272, [-115])]
./data/linux/prod_16_10.cnf|16.684108018875122|53|40|315|8|FastDiagP_V3_1|solver_apps/org.sat4j.core.jar|[(12081, [1251]), (12099, [1235]), (12100, [246]), (12108, [1249]), (12113, [271]), (12146, [797]), (12179, [119]), (12191, [1495]), (12203, [1247]), (12216, [999]), (12241, [254]), (12242, [1010]), (12264, [-1227]), (12269, [-103]), (12270, [196]), (12272, [-115])]
