./data/linux/prod_16_1.cnf|20.067707300186157|6.609403371810913|1|20|489|8|7|FastDiagP_V2_2|solver_apps/org.sat4j.core.jar|[(12079, [119]), (12090, [1524]), (12113, [1247]), (12119, [1235]), (12134, [1780]), (12149, [1010]), (12160, [999]), (12175, [1791]), (12222, [254]), (12231, [1251]), (12237, [1495]), (12241, [271]), (12248, [1756]), (12260, [1773]), (12268, [797]), (12313, [-124])]
./data/linux/prod_16_1.cnf|21.261881589889526|9.087576866149902|1|22|605|16|10|FastDiagP_V2_2|solver_apps/org.sat4j.core.jar|[(12079, [119]), (12090, [1524]), (12113, [1247]), (12119, [1235]), (12134, [1780]), (12149, [1010]), (12160, [999]), (12175, [1791]), (12222, [254]), (12231, [1251]), (12237, [1495]), (12241, [271]), (12248, [1756]), (12260, [1773]), (12268, [797]), (12313, [-124])]
./data/linux/prod_16_1.cnf|21.549927473068237|9.32972502708435|1|21|605|32|10|FastDiagP_V2_2|solver_apps/org.sat4j.core.jar|[(12079, [119]), (12090, [1524]), (12113, [1247]), (12119, [1235]), (12134, [1780]), (12149, [1010]), (12160, [999]), (12175, [1791]), (12222, [254]), (12231, [1251]), (12237, [1495]), (12241, [271]), (12248, [1756]), (12260, [1773]), (12268, [797]), (12313, [-124])]
./data/linux/prod_16_2.cnf|16.770339250564575|5.2781031131744385|1|27|390|8|7|FastDiagP_V2_2|solver_apps/org.sat4j.core.jar|[(12086, [246]), (12103, [1247]), (12116, [1249]), (12127, [1495]), (12151, [196]), (12166, [797]), (12169, [271]), (12175, [254]), (12196, [1509]), (12202, [201]), (12222, [812]), (12246, [90]), (12253, [119]), (12260, [-1002]), (12268, [-107]), (12275, [-202])]
./data/linux/prod_16_2.cnf|16.97277593612671|6.395054340362549|1|29|439|16|10|FastDiagP_V2_2|solver_apps/org.sat4j.core.jar|[(12086, [246]), (12103, [1247]), (12116, [1249]), (12127, [1495]), (12151, [196]), (12166, [797]), (12169, [271]), (12175, [254]), (12196, [1509]), (12202, [201]), (12222, [812]), (12246, [90]), (12253, [119]), (12260, [-1002]), (12268, [-107]), (12275, [-202])]
./data/linux/prod_16_2.cnf|17.33000659942627|6.357633590698242|1|27|439|32|10|FastDiagP_V2_2|solver_apps/org.sat4j.core.jar|[(12086, [246]), (12103, [1247]), (12116, [1249]), (12127, [1495]), (12151, [196]), (12166, [797]), (12169, [271]), (12175, [254]), (12196, [1509]), (12202, [201]), (12222, [812]), (12246, [90]), (12253, [119]), (12260, [-1002]), (12268, [-107]), (12275, [-202])]
./data/linux/prod_16_3.cnf|15.531989812850952|4.494483232498169|1|19|359|8|7|FastDiagP_V2_2|solver_apps/org.sat4j.core.jar|[(12081, [1495]), (12094, [1251]), (12127, [246]), (12139, [254]), (12140, [1010]), (12162, [90]), (12169, [196]), (12178, [271]), (12199, [1235]), (12203, [201]), (12210, [797]), (12233, [1249]), (12236, [119]), (12237, [1247]), (12243, [1509]), (12248, [812])]
./data/linux/prod_16_3.cnf|16.064952611923218|5.702801465988159|1|20|414|16|10|FastDiagP_V2_2|solver_apps/org.sat4j.core.jar|[(12081, [1495]), (12094, [1251]), (12127, [246]), (12139, [254]), (12140, [1010]), (12162, [90]), (12169, [196]), (12178, [271]), (12199, [1235]), (12203, [201]), (12210, [797]), (12233, [1249]), (12236, [119]), (12237, [1247]), (12243, [1509]), (12248, [812])]
./data/linux/prod_16_3.cnf|16.061567783355713|5.826984405517578|1|19|414|32|10|FastDiagP_V2_2|solver_apps/org.sat4j.core.jar|[(12081, [1495]), (12094, [1251]), (12127, [246]), (12139, [254]), (12140, [1010]), (12162, [90]), (12169, [196]), (12178, [271]), (12199, [1235]), (12203, [201]), (12210, [797]), (12233, [1249]), (12236, [119]), (12237, [1247]), (12243, [1509]), (12248, [812])]
./data/linux/prod_16_4.cnf|18.15372085571289|5.838794469833374|1|15|436|8|7|FastDiagP_V2_2|solver_apps/org.sat4j.core.jar|[(12086, [246]), (12089, [1010]), (12093, [201]), (12100, [1509]), (12113, [196]), (12132, [1251]), (12158, [1247]), (12168, [1235]), (12219, [254]), (12222, [812]), (12227, [1249]), (12242, [797]), (12247, [271]), (12253, [1495]), (12255, [119]), (12270, [-1505])]
./data/linux/prod_16_4.cnf|18.602347135543823|7.729844331741333|1|18|516|16|10|FastDiagP_V2_2|solver_apps/org.sat4j.core.jar|[(12086, [246]), (12089, [1010]), (12093, [201]), (12100, [1509]), (12113, [196]), (12132, [1251]), (12158, [1247]), (12168, [1235]), (12219, [254]), (12222, [812]), (12227, [1249]), (12242, [797]), (12247, [271]), (12253, [1495]), (12255, [119]), (12270, [-1505])]
./data/linux/prod_16_4.cnf|18.984893321990967|7.578052520751953|1|19|516|32|10|FastDiagP_V2_2|solver_apps/org.sat4j.core.jar|[(12086, [246]), (12089, [1010]), (12093, [201]), (12100, [1509]), (12113, [196]), (12132, [1251]), (12158, [1247]), (12168, [1235]), (12219, [254]), (12222, [812]), (12227, [1249]), (12242, [797]), (12247, [271]), (12253, [1495]), (12255, [119]), (12270, [-1505])]
./data/linux/prod_16_5.cnf|16.662516593933105|5.095784664154053|1|19|384|8|7|FastDiagP_V2_2|solver_apps/org.sat4j.core.jar|[(12078, [1010]), (12101, [812]), (12119, [271]), (12174, [246]), (12182, [201]), (12191, [797]), (12193, [1235]), (12199, [1249]), (12200, [1509]), (12201, [1251]), (12211, [196]), (12225, [119]), (12234, [254]), (12242, [90]), (12266, [-256]), (12272, [-103])]
./data/linux/prod_16_5.cnf|16.948065042495728|6.335516691207886|1|19|439|16|10|FastDiagP_V2_2|solver_apps/org.sat4j.core.jar|[(12078, [1010]), (12101, [812]), (12119, [271]), (12174, [246]), (12182, [201]), (12191, [797]), (12193, [1235]), (12199, [1249]), (12200, [1509]), (12201, [1251]), (12211, [196]), (12225, [119]), (12234, [254]), (12242, [90]), (12266, [-256]), (12272, [-103])]
./data/linux/prod_16_5.cnf|17.26752495765686|6.643784999847412|1|21|439|32|10|FastDiagP_V2_2|solver_apps/org.sat4j.core.jar|[(12078, [1010]), (12101, [812]), (12119, [271]), (12174, [246]), (12182, [201]), (12191, [797]), (12193, [1235]), (12199, [1249]), (12200, [1509]), (12201, [1251]), (12211, [196]), (12225, [119]), (12234, [254]), (12242, [90]), (12266, [-256]), (12272, [-103])]
./data/linux/prod_16_6.cnf|16.67302680015564|5.342012405395508|1|18|402|8|7|FastDiagP_V2_2|solver_apps/org.sat4j.core.jar|[(12077, [797]), (12088, [1247]), (12142, [119]), (12147, [90]), (12167, [254]), (12173, [1010]), (12188, [1249]), (12190, [201]), (12191, [196]), (12196, [1495]), (12208, [271]), (12227, [1235]), (12230, [812]), (12241, [1509]), (12249, [246]), (12261, [1251])]
./data/linux/prod_16_6.cnf|17.734561920166016|7.575310945510864|1|21|519|16|10|FastDiagP_V2_2|solver_apps/org.sat4j.core.jar|[(12077, [797]), (12088, [1247]), (12142, [119]), (12147, [90]), (12167, [254]), (12173, [1010]), (12188, [1249]), (12190, [201]), (12191, [196]), (12196, [1495]), (12208, [271]), (12227, [1235]), (12230, [812]), (12241, [1509]), (12249, [246]), (12261, [1251])]
./data/linux/prod_16_6.cnf|17.69559073448181|7.592113018035889|1|20|519|32|10|FastDiagP_V2_2|solver_apps/org.sat4j.core.jar|[(12077, [797]), (12088, [1247]), (12142, [119]), (12147, [90]), (12167, [254]), (12173, [1010]), (12188, [1249]), (12190, [201]), (12191, [196]), (12196, [1495]), (12208, [271]), (12227, [1235]), (12230, [812]), (12241, [1509]), (12249, [246]), (12261, [1251])]
./data/linux/prod_16_7.cnf|15.594113826751709|4.633304119110107|1|13|363|8|7|FastDiagP_V2_2|solver_apps/org.sat4j.core.jar|[(12101, [246]), (12104, [271]), (12112, [1509]), (12129, [119]), (12133, [196]), (12136, [201]), (12147, [90]), (12168, [812]), (12172, [1247]), (12179, [1249]), (12195, [1010]), (12199, [254]), (12201, [1251]), (12240, [1495]), (12254, [797]), (12257, [-256])]
./data/linux/prod_16_7.cnf|16.302305936813354|5.915036678314209|1|18|436|16|10|FastDiagP_V2_2|solver_apps/org.sat4j.core.jar|[(12101, [246]), (12104, [271]), (12112, [1509]), (12129, [119]), (12133, [196]), (12136, [201]), (12147, [90]), (12168, [812]), (12172, [1247]), (12179, [1249]), (12195, [1010]), (12199, [254]), (12201, [1251]), (12240, [1495]), (12254, [797]), (12257, [-256])]
./data/linux/prod_16_7.cnf|16.341195583343506|6.142135143280029|1|19|436|32|10|FastDiagP_V2_2|solver_apps/org.sat4j.core.jar|[(12101, [246]), (12104, [271]), (12112, [1509]), (12129, [119]), (12133, [196]), (12136, [201]), (12147, [90]), (12168, [812]), (12172, [1247]), (12179, [1249]), (12195, [1010]), (12199, [254]), (12201, [1251]), (12240, [1495]), (12254, [797]), (12257, [-256])]
./data/linux/prod_16_8.cnf|14.710299015045166|4.340314865112305|1|17|336|8|7|FastDiagP_V2_2|solver_apps/org.sat4j.core.jar|[(12101, [246]), (12104, [271]), (12112, [1509]), (12129, [119]), (12133, [196]), (12136, [201]), (12147, [90]), (12168, [812]), (12172, [1247]), (12179, [1249]), (12195, [1010]), (12199, [254]), (12201, [1251]), (12240, [1495]), (12271, [-1001]), (12272, [-800])]
./data/linux/prod_16_8.cnf|15.377784013748169|5.50701642036438|1|26|407|16|10|FastDiagP_V2_2|solver_apps/org.sat4j.core.jar|[(12101, [246]), (12104, [271]), (12112, [1509]), (12129, [119]), (12133, [196]), (12136, [201]), (12147, [90]), (12168, [812]), (12172, [1247]), (12179, [1249]), (12195, [1010]), (12199, [254]), (12201, [1251]), (12240, [1495]), (12271, [-1001]), (12272, [-800])]
./data/linux/prod_16_8.cnf|15.313861608505249|5.760240316390991|1|23|407|32|10|FastDiagP_V2_2|solver_apps/org.sat4j.core.jar|[(12101, [246]), (12104, [271]), (12112, [1509]), (12129, [119]), (12133, [196]), (12136, [201]), (12147, [90]), (12168, [812]), (12172, [1247]), (12179, [1249]), (12195, [1010]), (12199, [254]), (12201, [1251]), (12240, [1495]), (12271, [-1001]), (12272, [-800])]
./data/linux/prod_16_9.cnf|15.387018203735352|4.581037759780884|1|16|349|8|7|FastDiagP_V2_2|solver_apps/org.sat4j.core.jar|[(12087, [1235]), (12102, [1251]), (12129, [90]), (12130, [1010]), (12157, [812]), (12165, [196]), (12179, [1247]), (12185, [246]), (12186, [201]), (12219, [1249]), (12223, [271]), (12225, [1495]), (12232, [119]), (12252, [254]), (12255, [797]), (12260, [1509])]
./data/linux/prod_16_9.cnf|16.70176887512207|6.512508869171143|1|18|445|16|10|FastDiagP_V2_2|solver_apps/org.sat4j.core.jar|[(12087, [1235]), (12102, [1251]), (12129, [90]), (12130, [1010]), (12157, [812]), (12165, [196]), (12179, [1247]), (12185, [246]), (12186, [201]), (12219, [1249]), (12223, [271]), (12225, [1495]), (12232, [119]), (12252, [254]), (12255, [797]), (12260, [1509])]
./data/linux/prod_16_9.cnf|16.650648832321167|6.605219602584839|1|15|445|32|10|FastDiagP_V2_2|solver_apps/org.sat4j.core.jar|[(12087, [1235]), (12102, [1251]), (12129, [90]), (12130, [1010]), (12157, [812]), (12165, [196]), (12179, [1247]), (12185, [246]), (12186, [201]), (12219, [1249]), (12223, [271]), (12225, [1495]), (12232, [119]), (12252, [254]), (12255, [797]), (12260, [1509])]
./data/linux/prod_16_10.cnf|14.3671236038208|3.914745807647705|1|16|331|8|7|FastDiagP_V2_2|solver_apps/org.sat4j.core.jar|[(12081, [1251]), (12099, [1235]), (12100, [246]), (12108, [1249]), (12113, [271]), (12146, [797]), (12179, [119]), (12191, [1495]), (12203, [1247]), (12216, [999]), (12241, [254]), (12242, [1010]), (12264, [-1227]), (12269, [-103]), (12270, [196]), (12272, [-115])]
./data/linux/prod_16_10.cnf|15.274808883666992|5.355002164840698|1|20|414|16|10|FastDiagP_V2_2|solver_apps/org.sat4j.core.jar|[(12081, [1251]), (12099, [1235]), (12100, [246]), (12108, [1249]), (12113, [271]), (12146, [797]), (12179, [119]), (12191, [1495]), (12203, [1247]), (12216, [999]), (12241, [254]), (12242, [1010]), (12264, [-1227]), (12269, [-103]), (12270, [196]), (12272, [-115])]
./data/linux/prod_16_10.cnf|14.984757900238037|5.604879379272461|1|16|414|32|10|FastDiagP_V2_2|solver_apps/org.sat4j.core.jar|[(12081, [1251]), (12099, [1235]), (12100, [246]), (12108, [1249]), (12113, [271]), (12146, [797]), (12179, [119]), (12191, [1495]), (12203, [1247]), (12216, [999]), (12241, [254]), (12242, [1010]), (12264, [-1227]), (12269, [-103]), (12270, [196]), (12272, [-115])]
./data/linux/prod_8_1.cnf|10.14620065689087|2.904252052307129|1|12|220|8|7|FastDiagP_V2_2|solver_apps/org.sat4j.core.jar|[(12079, [1010]), (12090, [254]), (12104, [196]), (12122, [999]), (12154, [246]), (12160, [119]), (12189, [797]), (12216, [-693])]
./data/linux/prod_8_1.cnf|10.232904434204102|3.9183173179626465|1|15|271|16|10|FastDiagP_V2_2|solver_apps/org.sat4j.core.jar|[(12079, [1010]), (12090, [254]), (12104, [196]), (12122, [999]), (12154, [246]), (12160, [119]), (12189, [797]), (12216, [-693])]
./data/linux/prod_8_1.cnf|10.299497604370117|3.944958209991455|1|17|271|32|10|FastDiagP_V2_2|solver_apps/org.sat4j.core.jar|[(12079, [1010]), (12090, [254]), (12104, [196]), (12122, [999]), (12154, [246]), (12160, [119]), (12189, [797]), (12216, [-693])]
./data/linux/prod_8_2.cnf|8.399208545684814|2.240293025970459|1|12|177|8|7|FastDiagP_V2_2|solver_apps/org.sat4j.core.jar|[(12107, [254]), (12111, [271]), (12115, [1010]), (12141, [196]), (12154, [246]), (12158, [119]), (12173, [797]), (12223, [-698])]
./data/linux/prod_8_2.cnf|8.4844331741333|2.8660924434661865|1|12|213|16|10|FastDiagP_V2_2|solver_apps/org.sat4j.core.jar|[(12107, [254]), (12111, [271]), (12115, [1010]), (12141, [196]), (12154, [246]), (12158, [119]), (12173, [797]), (12223, [-698])]
./data/linux/prod_8_2.cnf|8.536472797393799|2.8875691890716553|1|13|213|32|10|FastDiagP_V2_2|solver_apps/org.sat4j.core.jar|[(12107, [254]), (12111, [271]), (12115, [1010]), (12141, [196]), (12154, [246]), (12158, [119]), (12173, [797]), (12223, [-698])]
./data/linux/prod_8_3.cnf|10.386348247528076|3.047689199447632|1|19|234|8|7|FastDiagP_V2_2|solver_apps/org.sat4j.core.jar|[(12077, [271]), (12087, [196]), (12146, [797]), (12147, [999]), (12161, [246]), (12168, [119]), (12188, [1010]), (12212, [254])]
./data/linux/prod_8_3.cnf|11.174633264541626|4.418634414672852|1|16|304|16|10|FastDiagP_V2_2|solver_apps/org.sat4j.core.jar|[(12077, [271]), (12087, [196]), (12146, [797]), (12147, [999]), (12161, [246]), (12168, [119]), (12188, [1010]), (12212, [254])]
./data/linux/prod_8_3.cnf|11.096343517303467|4.579385757446289|1|19|304|32|10|FastDiagP_V2_2|solver_apps/org.sat4j.core.jar|[(12077, [271]), (12087, [196]), (12146, [797]), (12147, [999]), (12161, [246]), (12168, [119]), (12188, [1010]), (12212, [254])]
./data/linux/prod_8_4.cnf|8.964223861694336|2.538217782974243|1|12|184|8|7|FastDiagP_V2_2|solver_apps/org.sat4j.core.jar|[(12116, [254]), (12129, [1010]), (12163, [271]), (12184, [196]), (12192, [246]), (12204, [797]), (12220, [119]), (12223, [999])]
./data/linux/prod_8_4.cnf|9.040735006332397|3.4335763454437256|1|13|223|16|10|FastDiagP_V2_2|solver_apps/org.sat4j.core.jar|[(12116, [254]), (12129, [1010]), (12163, [271]), (12184, [196]), (12192, [246]), (12204, [797]), (12220, [119]), (12223, [999])]
./data/linux/prod_8_4.cnf|9.259709358215332|3.3294942378997803|1|12|223|32|10|FastDiagP_V2_2|solver_apps/org.sat4j.core.jar|[(12116, [254]), (12129, [1010]), (12163, [271]), (12184, [196]), (12192, [246]), (12204, [797]), (12220, [119]), (12223, [999])]
./data/linux/prod_8_5.cnf|8.156339406967163|1.9754188060760498|1|14|165|8|7|FastDiagP_V2_2|solver_apps/org.sat4j.core.jar|[(12077, [119]), (12086, [246]), (12091, [254]), (12101, [271]), (12124, [196]), (12154, [-693]), (12163, [-2]), (12169, [-103])]
./data/linux/prod_8_5.cnf|7.896904706954956|2.533599376678467|1|13|194|16|10|FastDiagP_V2_2|solver_apps/org.sat4j.core.jar|[(12077, [119]), (12086, [246]), (12091, [254]), (12101, [271]), (12124, [196]), (12154, [-693]), (12163, [-2]), (12169, [-103])]
./data/linux/prod_8_5.cnf|7.922826528549194|2.5458462238311768|1|16|194|32|10|FastDiagP_V2_2|solver_apps/org.sat4j.core.jar|[(12077, [119]), (12086, [246]), (12091, [254]), (12101, [271]), (12124, [196]), (12154, [-693]), (12163, [-2]), (12169, [-103])]
./data/linux/prod_8_6.cnf|8.80788540840149|2.451881170272827|1|11|185|8|7|FastDiagP_V2_2|solver_apps/org.sat4j.core.jar|[(12079, [271]), (12105, [196]), (12115, [254]), (12119, [246]), (12127, [119]), (12136, [-198]), (12138, [-2]), (12144, [-256])]
./data/linux/prod_8_6.cnf|8.882750749588013|2.9365580081939697|1|15|199|16|10|FastDiagP_V2_2|solver_apps/org.sat4j.core.jar|[(12079, [271]), (12105, [196]), (12115, [254]), (12119, [246]), (12127, [119]), (12136, [-198]), (12138, [-2]), (12144, [-256])]
./data/linux/prod_8_6.cnf|9.081772089004517|2.8118293285369873|1|15|199|32|10|FastDiagP_V2_2|solver_apps/org.sat4j.core.jar|[(12079, [271]), (12105, [196]), (12115, [254]), (12119, [246]), (12127, [119]), (12136, [-198]), (12138, [-2]), (12144, [-256])]
./data/linux/prod_8_7.cnf|7.993238925933838|2.094820499420166|1|11|170|8|7|FastDiagP_V2_2|solver_apps/org.sat4j.core.jar|[(12086, [246]), (12134, [254]), (12143, [119]), (12148, [-203]), (12153, [-103]), (12155, [-10]), (12158, [-690]), (12167, [271])]
./data/linux/prod_8_7.cnf|7.899644136428833|2.7700083255767822|1|12|193|16|10|FastDiagP_V2_2|solver_apps/org.sat4j.core.jar|[(12086, [246]), (12134, [254]), (12143, [119]), (12148, [-203]), (12153, [-103]), (12155, [-10]), (12158, [-690]), (12167, [271])]
./data/linux/prod_8_7.cnf|8.024738311767578|2.81345534324646|1|13|193|32|10|FastDiagP_V2_2|solver_apps/org.sat4j.core.jar|[(12086, [246]), (12134, [254]), (12143, [119]), (12148, [-203]), (12153, [-103]), (12155, [-10]), (12158, [-690]), (12167, [271])]
./data/linux/prod_8_8.cnf|8.207565069198608|2.3403780460357666|1|13|179|8|7|FastDiagP_V2_2|solver_apps/org.sat4j.core.jar|[(12117, [246]), (12129, [254]), (12130, [196]), (12137, [119]), (12144, [271]), (12164, [-107]), (12171, [-690]), (12175, [-198])]
./data/linux/prod_8_8.cnf|8.672507047653198|2.6998581886291504|1|14|198|16|10|FastDiagP_V2_2|solver_apps/org.sat4j.core.jar|[(12117, [246]), (12129, [254]), (12130, [196]), (12137, [119]), (12144, [271]), (12164, [-107]), (12171, [-690]), (12175, [-198])]
./data/linux/prod_8_8.cnf|8.688487529754639|2.638947010040283|1|14|198|32|10|FastDiagP_V2_2|solver_apps/org.sat4j.core.jar|[(12117, [246]), (12129, [254]), (12130, [196]), (12137, [119]), (12144, [271]), (12164, [-107]), (12171, [-690]), (12175, [-198])]
./data/linux/prod_8_9.cnf|8.301697492599487|2.3302323818206787|1|13|176|8|7|FastDiagP_V2_2|solver_apps/org.sat4j.core.jar|[(12078, [246]), (12096, [119]), (12124, [271]), (12132, [196]), (12145, [-202]), (12155, [-103]), (12159, [254]), (12160, [-198])]
./data/linux/prod_8_9.cnf|8.335092544555664|2.8453896045684814|1|14|189|16|10|FastDiagP_V2_2|solver_apps/org.sat4j.core.jar|[(12078, [246]), (12096, [119]), (12124, [271]), (12132, [196]), (12145, [-202]), (12155, [-103]), (12159, [254]), (12160, [-198])]
./data/linux/prod_8_9.cnf|8.560638666152954|2.753121852874756|1|14|189|32|10|FastDiagP_V2_2|solver_apps/org.sat4j.core.jar|[(12078, [246]), (12096, [119]), (12124, [271]), (12132, [196]), (12145, [-202]), (12155, [-103]), (12159, [254]), (12160, [-198])]
./data/linux/prod_8_10.cnf|8.048626184463501|2.1558544635772705|1|9|163|8|7|FastDiagP_V2_2|solver_apps/org.sat4j.core.jar|[(12085, [246]), (12142, [271]), (12143, [254]), (12149, [196]), (12151, [119]), (12161, [-107]), (12166, [-103]), (12167, [-285])]
./data/linux/prod_8_10.cnf|7.9842689037323|2.8906805515289307|1|14|195|16|10|FastDiagP_V2_2|solver_apps/org.sat4j.core.jar|[(12085, [246]), (12142, [271]), (12143, [254]), (12149, [196]), (12151, [119]), (12161, [-107]), (12166, [-103]), (12167, [-285])]
./data/linux/prod_8_10.cnf|7.961236000061035|2.9363110065460205|1|14|195|32|10|FastDiagP_V2_2|solver_apps/org.sat4j.core.jar|[(12085, [246]), (12142, [271]), (12143, [254]), (12149, [196]), (12151, [119]), (12161, [-107]), (12166, [-103]), (12167, [-285])]
./data/linux/prod_4_1.cnf|6.722845077514648|1.7793354988098145|1|10|138|8|7|FastDiagP_V2_2|solver_apps/org.sat4j.core.jar|[(12076, [254]), (12088, [271]), (12108, [196]), (12130, [119])]
./data/linux/prod_4_1.cnf|6.961655855178833|2.614452838897705|1|12|180|16|10|FastDiagP_V2_2|solver_apps/org.sat4j.core.jar|[(12076, [254]), (12088, [271]), (12108, [196]), (12130, [119])]
./data/linux/prod_4_1.cnf|7.106531858444214|2.695765733718872|1|12|180|32|10|FastDiagP_V2_2|solver_apps/org.sat4j.core.jar|[(12076, [254]), (12088, [271]), (12108, [196]), (12130, [119])]
./data/linux/prod_4_2.cnf|6.636333465576172|1.842221736907959|1|8|138|8|7|FastDiagP_V2_2|solver_apps/org.sat4j.core.jar|[(12091, [196]), (12115, [271]), (12133, [254]), (12165, [-257])]
./data/linux/prod_4_2.cnf|7.054080009460449|2.668860673904419|1|11|177|16|10|FastDiagP_V2_2|solver_apps/org.sat4j.core.jar|[(12091, [196]), (12115, [271]), (12133, [254]), (12165, [-257])]
./data/linux/prod_4_2.cnf|7.1601972579956055|2.622601270675659|1|10|177|32|10|FastDiagP_V2_2|solver_apps/org.sat4j.core.jar|[(12091, [196]), (12115, [271]), (12133, [254]), (12165, [-257])]
./data/linux/prod_4_3.cnf|6.734549045562744|1.7508862018585205|1|10|137|8|7|FastDiagP_V2_2|solver_apps/org.sat4j.core.jar|[(12079, [196]), (12119, [119]), (12147, [-257]), (12152, [271])]
./data/linux/prod_4_3.cnf|6.657057285308838|2.529585361480713|1|10|165|16|10|FastDiagP_V2_2|solver_apps/org.sat4j.core.jar|[(12079, [196]), (12119, [119]), (12147, [-257]), (12152, [271])]
./data/linux/prod_4_3.cnf|6.731512069702148|2.53602933883667|1|12|165|32|10|FastDiagP_V2_2|solver_apps/org.sat4j.core.jar|[(12079, [196]), (12119, [119]), (12147, [-257]), (12152, [271])]
./data/linux/prod_4_4.cnf|7.1575775146484375|2.1964800357818604|1|8|159|8|7|FastDiagP_V2_2|solver_apps/org.sat4j.core.jar|[(12077, [271]), (12102, [246]), (12122, [119]), (12128, [254])]
./data/linux/prod_4_4.cnf|7.162797689437866|3.0372674465179443|1|12|195|16|10|FastDiagP_V2_2|solver_apps/org.sat4j.core.jar|[(12077, [271]), (12102, [246]), (12122, [119]), (12128, [254])]
./data/linux/prod_4_4.cnf|7.389011859893799|3.037348985671997|1|12|195|32|10|FastDiagP_V2_2|solver_apps/org.sat4j.core.jar|[(12077, [271]), (12102, [246]), (12122, [119]), (12128, [254])]
./data/linux/prod_4_5.cnf|5.218964338302612|1.0668859481811523|1|15|89|8|7|FastDiagP_V2_2|solver_apps/org.sat4j.core.jar|[(12078, [246]), (12081, [119]), (12096, [254]), (12141, [196])]
./data/linux/prod_4_5.cnf|4.937964916229248|1.1758618354797363|1|15|94|16|10|FastDiagP_V2_2|solver_apps/org.sat4j.core.jar|[(12078, [246]), (12081, [119]), (12096, [254]), (12141, [196])]
./data/linux/prod_4_5.cnf|5.0254738330841064|1.2012267112731934|1|15|94|32|10|FastDiagP_V2_2|solver_apps/org.sat4j.core.jar|[(12078, [246]), (12081, [119]), (12096, [254]), (12141, [196])]
./data/linux/prod_4_6.cnf|4.656923532485962|0.9126322269439697|1|13|82|8|7|FastDiagP_V2_2|solver_apps/org.sat4j.core.jar|[(12083, [246]), (12148, [271]), (12156, [-10]), (12157, [196])]
./data/linux/prod_4_6.cnf|4.872831344604492|1.277895450592041|1|12|93|16|10|FastDiagP_V2_2|solver_apps/org.sat4j.core.jar|[(12083, [246]), (12148, [271]), (12156, [-10]), (12157, [196])]
./data/linux/prod_4_6.cnf|4.659227609634399|1.2453649044036865|1|11|93|32|10|FastDiagP_V2_2|solver_apps/org.sat4j.core.jar|[(12083, [246]), (12148, [271]), (12156, [-10]), (12157, [196])]
./data/linux/prod_4_7.cnf|4.902431964874268|0.9383289813995361|1|11|83|8|7|FastDiagP_V2_2|solver_apps/org.sat4j.core.jar|[(12099, [246]), (12112, [196]), (12117, [119]), (12126, [-10])]
./data/linux/prod_4_7.cnf|4.7870519161224365|1.331428050994873|1|13|103|16|10|FastDiagP_V2_2|solver_apps/org.sat4j.core.jar|[(12099, [246]), (12112, [196]), (12117, [119]), (12126, [-10])]
./data/linux/prod_4_7.cnf|4.7176384925842285|1.3764188289642334|1|11|103|32|10|FastDiagP_V2_2|solver_apps/org.sat4j.core.jar|[(12099, [246]), (12112, [196]), (12117, [119]), (12126, [-10])]
./data/linux/prod_4_8.cnf|5.3028857707977295|1.0783333778381348|1|11|95|8|7|FastDiagP_V2_2|solver_apps/org.sat4j.core.jar|[(12086, [254]), (12105, [271]), (12110, [196]), (12136, [246])]
./data/linux/prod_4_8.cnf|5.292618751525879|1.4663445949554443|1|11|114|16|10|FastDiagP_V2_2|solver_apps/org.sat4j.core.jar|[(12086, [254]), (12105, [271]), (12110, [196]), (12136, [246])]
./data/linux/prod_4_8.cnf|5.353259086608887|1.4485914707183838|1|10|114|32|10|FastDiagP_V2_2|solver_apps/org.sat4j.core.jar|[(12086, [254]), (12105, [271]), (12110, [196]), (12136, [246])]
./data/linux/prod_4_9.cnf|5.838331937789917|1.4257004261016846|1|8|115|8|7|FastDiagP_V2_2|solver_apps/org.sat4j.core.jar|[(12093, [196]), (12095, [246]), (12100, [254]), (12127, [119])]
./data/linux/prod_4_9.cnf|5.76699423789978|1.7480368614196777|1|11|127|16|10|FastDiagP_V2_2|solver_apps/org.sat4j.core.jar|[(12093, [196]), (12095, [246]), (12100, [254]), (12127, [119])]
./data/linux/prod_4_9.cnf|5.893685340881348|1.7528932094573975|1|11|127|32|10|FastDiagP_V2_2|solver_apps/org.sat4j.core.jar|[(12093, [196]), (12095, [246]), (12100, [254]), (12127, [119])]
./data/linux/prod_4_10.cnf|4.885793924331665|1.0915236473083496|1|9|86|8|7|FastDiagP_V2_2|solver_apps/org.sat4j.core.jar|[(12108, [196]), (12119, [119]), (12147, [246]), (12148, [-103])]
./data/linux/prod_4_10.cnf|4.921147346496582|1.5873851776123047|1|13|105|16|10|FastDiagP_V2_2|solver_apps/org.sat4j.core.jar|[(12108, [196]), (12119, [119]), (12147, [246]), (12148, [-103])]
./data/linux/prod_4_10.cnf|4.913205862045288|1.6002745628356934|1|11|105|32|10|FastDiagP_V2_2|solver_apps/org.sat4j.core.jar|[(12108, [196]), (12119, [119]), (12147, [246]), (12148, [-103])]
./data/linux/prod_2_1.cnf|3.724879503250122|0.6606791019439697|1|8|57|8|7|FastDiagP_V2_2|solver_apps/org.sat4j.core.jar|[(12077, [246]), (12104, [196])]
./data/linux/prod_2_1.cnf|3.4611575603485107|0.7618374824523926|1|12|62|16|10|FastDiagP_V2_2|solver_apps/org.sat4j.core.jar|[(12077, [246]), (12104, [196])]
./data/linux/prod_2_1.cnf|3.4886584281921387|0.726477861404419|1|10|62|32|10|FastDiagP_V2_2|solver_apps/org.sat4j.core.jar|[(12077, [246]), (12104, [196])]
./data/linux/prod_2_2.cnf|3.721294641494751|0.6103014945983887|1|9|55|8|7|FastDiagP_V2_2|solver_apps/org.sat4j.core.jar|[(12089, [196]), (12120, [119])]
./data/linux/prod_2_2.cnf|3.4818618297576904|0.8063678741455078|1|8|63|16|10|FastDiagP_V2_2|solver_apps/org.sat4j.core.jar|[(12089, [196]), (12120, [119])]
./data/linux/prod_2_2.cnf|3.699004650115967|0.7940583229064941|1|8|63|32|10|FastDiagP_V2_2|solver_apps/org.sat4j.core.jar|[(12089, [196]), (12120, [119])]
./data/linux/prod_2_3.cnf|3.6238245964050293|0.6301546096801758|1|8|55|8|7|FastDiagP_V2_2|solver_apps/org.sat4j.core.jar|[(12088, [196]), (12103, [-107])]
./data/linux/prod_2_3.cnf|3.391188621520996|0.7523014545440674|1|8|58|16|10|FastDiagP_V2_2|solver_apps/org.sat4j.core.jar|[(12088, [196]), (12103, [-107])]
./data/linux/prod_2_3.cnf|3.5084404945373535|0.7237069606781006|1|10|58|32|10|FastDiagP_V2_2|solver_apps/org.sat4j.core.jar|[(12088, [196]), (12103, [-107])]
./data/linux/prod_2_4.cnf|4.563216209411621|1.0269169807434082|1|9|80|8|7|FastDiagP_V2_2|solver_apps/org.sat4j.core.jar|[(12085, [119]), (12109, [196])]
./data/linux/prod_2_4.cnf|4.4460062980651855|1.3614487648010254|1|10|90|16|10|FastDiagP_V2_2|solver_apps/org.sat4j.core.jar|[(12085, [119]), (12109, [196])]
./data/linux/prod_2_4.cnf|4.484605312347412|1.3656268119812012|1|9|90|32|10|FastDiagP_V2_2|solver_apps/org.sat4j.core.jar|[(12085, [119]), (12109, [196])]
./data/linux/prod_2_5.cnf|3.6101162433624268|0.6716053485870361|1|8|55|8|7|FastDiagP_V2_2|solver_apps/org.sat4j.core.jar|[(12090, [119]), (12107, [-2])]
./data/linux/prod_2_5.cnf|3.4506335258483887|0.8125057220458984|1|11|63|16|10|FastDiagP_V2_2|solver_apps/org.sat4j.core.jar|[(12090, [119]), (12107, [-2])]
./data/linux/prod_2_5.cnf|3.475332736968994|0.8396060466766357|1|10|63|32|10|FastDiagP_V2_2|solver_apps/org.sat4j.core.jar|[(12090, [119]), (12107, [-2])]
./data/linux/prod_2_6.cnf|3.528762102127075|0.6658968925476074|1|9|53|8|7|FastDiagP_V2_2|solver_apps/org.sat4j.core.jar|[(12085, [-10]), (12092, [-2])]
./data/linux/prod_2_6.cnf|3.4070143699645996|0.7663085460662842|1|10|52|16|10|FastDiagP_V2_2|solver_apps/org.sat4j.core.jar|[(12085, [-10]), (12092, [-2])]
./data/linux/prod_2_6.cnf|3.4461276531219482|0.7627205848693848|1|11|52|32|10|FastDiagP_V2_2|solver_apps/org.sat4j.core.jar|[(12085, [-10]), (12092, [-2])]
./data/linux/prod_2_7.cnf|3.5951485633850098|0.65659499168396|1|10|55|8|7|FastDiagP_V2_2|solver_apps/org.sat4j.core.jar|[(12087, [119]), (12101, [-10])]
./data/linux/prod_2_7.cnf|3.4686291217803955|0.8397469520568848|1|12|63|16|10|FastDiagP_V2_2|solver_apps/org.sat4j.core.jar|[(12087, [119]), (12101, [-10])]
./data/linux/prod_2_7.cnf|3.445110321044922|0.8533511161804199|1|11|63|32|10|FastDiagP_V2_2|solver_apps/org.sat4j.core.jar|[(12087, [119]), (12101, [-10])]
./data/linux/prod_2_8.cnf|4.526270389556885|1.0306975841522217|1|8|81|8|7|FastDiagP_V2_2|solver_apps/org.sat4j.core.jar|[(12085, [196]), (12090, [119])]
./data/linux/prod_2_8.cnf|4.469469785690308|1.304215669631958|1|11|87|16|10|FastDiagP_V2_2|solver_apps/org.sat4j.core.jar|[(12085, [196]), (12090, [119])]
./data/linux/prod_2_8.cnf|4.415846109390259|1.3313636779785156|1|10|87|32|10|FastDiagP_V2_2|solver_apps/org.sat4j.core.jar|[(12085, [196]), (12090, [119])]
./data/linux/prod_2_9.cnf|2.6643619537353516|0.2853226661682129|1|7|28|8|7|FastDiagP_V2_2|solver_apps/org.sat4j.core.jar|[(12103, [-2]), (12109, [-103])]
./data/linux/prod_2_9.cnf|2.6692116260528564|0.47736120223999023|1|11|40|16|10|FastDiagP_V2_2|solver_apps/org.sat4j.core.jar|[(12103, [-2]), (12109, [-103])]
./data/linux/prod_2_9.cnf|2.663785219192505|0.5199511051177979|1|13|40|32|10|FastDiagP_V2_2|solver_apps/org.sat4j.core.jar|[(12103, [-2]), (12109, [-103])]
./data/linux/prod_2_10.cnf|3.209010601043701|0.48924899101257324|1|7|42|8|7|FastDiagP_V2_2|solver_apps/org.sat4j.core.jar|[(12083, [-107]), (12086, [-10])]
./data/linux/prod_2_10.cnf|2.9898929595947266|0.5487833023071289|1|10|41|16|10|FastDiagP_V2_2|solver_apps/org.sat4j.core.jar|[(12083, [-107]), (12086, [-10])]
./data/linux/prod_2_10.cnf|3.034027338027954|0.5539765357971191|1|10|41|32|10|FastDiagP_V2_2|solver_apps/org.sat4j.core.jar|[(12083, [-107]), (12086, [-10])]
./data/linux/prod_1_1.cnf|3.4868228435516357|0.6347358226776123|1|6|55|8|7|FastDiagP_V2_2|solver_apps/org.sat4j.core.jar|[(12083, [246])]
./data/linux/prod_1_1.cnf|3.3509480953216553|0.8440356254577637|1|8|61|16|10|FastDiagP_V2_2|solver_apps/org.sat4j.core.jar|[(12083, [246])]
./data/linux/prod_1_1.cnf|3.351022243499756|0.8339946269989014|1|7|61|32|10|FastDiagP_V2_2|solver_apps/org.sat4j.core.jar|[(12083, [246])]
./data/linux/prod_1_2.cnf|2.5829877853393555|0.2645387649536133|1|8|28|8|7|FastDiagP_V2_2|solver_apps/org.sat4j.core.jar|[(12113, [119])]
./data/linux/prod_1_2.cnf|2.363187313079834|0.3063790798187256|1|9|30|16|10|FastDiagP_V2_2|solver_apps/org.sat4j.core.jar|[(12113, [119])]
./data/linux/prod_1_2.cnf|2.3652913570404053|0.28691864013671875|1|10|30|32|10|FastDiagP_V2_2|solver_apps/org.sat4j.core.jar|[(12113, [119])]
./data/linux/prod_1_3.cnf|3.005445718765259|0.4781651496887207|1|7|40|8|7|FastDiagP_V2_2|solver_apps/org.sat4j.core.jar|[(12076, [-2])]
./data/linux/prod_1_3.cnf|2.824789524078369|0.6299335956573486|1|9|45|16|10|FastDiagP_V2_2|solver_apps/org.sat4j.core.jar|[(12076, [-2])]
./data/linux/prod_1_3.cnf|2.900899887084961|0.6175484657287598|1|10|45|32|10|FastDiagP_V2_2|solver_apps/org.sat4j.core.jar|[(12076, [-2])]
./data/linux/prod_1_4.cnf|2.533944845199585|0.25711750984191895|1|8|27|8|7|FastDiagP_V2_2|solver_apps/org.sat4j.core.jar|[(12077, [119])]
./data/linux/prod_1_4.cnf|2.4986729621887207|0.40538954734802246|1|10|31|16|10|FastDiagP_V2_2|solver_apps/org.sat4j.core.jar|[(12077, [119])]
./data/linux/prod_1_4.cnf|2.524087905883789|0.37764716148376465|1|10|31|32|10|FastDiagP_V2_2|solver_apps/org.sat4j.core.jar|[(12077, [119])]
./data/linux/prod_1_5.cnf|3.0032994747161865|0.4633002281188965|1|7|41|8|7|FastDiagP_V2_2|solver_apps/org.sat4j.core.jar|[(12084, [119])]
./data/linux/prod_1_5.cnf|2.8275487422943115|0.43436408042907715|1|11|37|16|10|FastDiagP_V2_2|solver_apps/org.sat4j.core.jar|[(12084, [119])]
./data/linux/prod_1_5.cnf|2.8590197563171387|0.46617627143859863|1|11|37|32|10|FastDiagP_V2_2|solver_apps/org.sat4j.core.jar|[(12084, [119])]
./data/linux/prod_1_6.cnf|3.0088067054748535|0.44403958320617676|1|7|40|8|7|FastDiagP_V2_2|solver_apps/org.sat4j.core.jar|[(12081, [-2])]
./data/linux/prod_1_6.cnf|2.823678493499756|0.6055822372436523|1|9|45|16|10|FastDiagP_V2_2|solver_apps/org.sat4j.core.jar|[(12081, [-2])]
./data/linux/prod_1_6.cnf|2.905601739883423|0.6071221828460693|1|10|45|32|10|FastDiagP_V2_2|solver_apps/org.sat4j.core.jar|[(12081, [-2])]
./data/linux/prod_1_7.cnf|3.0661494731903076|0.4467191696166992|1|7|42|8|7|FastDiagP_V2_2|solver_apps/org.sat4j.core.jar|[(12079, [196])]
./data/linux/prod_1_7.cnf|2.963529586791992|0.5984573364257812|1|8|50|16|10|FastDiagP_V2_2|solver_apps/org.sat4j.core.jar|[(12079, [196])]
./data/linux/prod_1_7.cnf|2.967099189758301|0.6130404472351074|1|9|50|32|10|FastDiagP_V2_2|solver_apps/org.sat4j.core.jar|[(12079, [196])]
./data/linux/prod_1_8.cnf|2.2483229637145996|0.1347181797027588|1|11|16|8|7|FastDiagP_V2_2|solver_apps/org.sat4j.core.jar|[(12079, [-2])]
./data/linux/prod_1_8.cnf|2.088073968887329|0.17433452606201172|1|10|20|16|10|FastDiagP_V2_2|solver_apps/org.sat4j.core.jar|[(12079, [-2])]
./data/linux/prod_1_8.cnf|2.0842368602752686|0.17515110969543457|1|10|20|32|10|FastDiagP_V2_2|solver_apps/org.sat4j.core.jar|[(12079, [-2])]
./data/linux/prod_1_9.cnf|2.2371983528137207|0.12946271896362305|1|11|16|8|7|FastDiagP_V2_2|solver_apps/org.sat4j.core.jar|[(12081, [-103])]
./data/linux/prod_1_9.cnf|2.087780237197876|0.18242287635803223|1|10|20|16|10|FastDiagP_V2_2|solver_apps/org.sat4j.core.jar|[(12081, [-103])]
./data/linux/prod_1_9.cnf|2.4015395641326904|0.1736764907836914|1|11|20|32|10|FastDiagP_V2_2|solver_apps/org.sat4j.core.jar|[(12081, [-103])]
./data/linux/prod_1_10.cnf|2.5177154541015625|0.2779567241668701|1|8|27|8|7|FastDiagP_V2_2|solver_apps/org.sat4j.core.jar|[(12091, [-2])]
./data/linux/prod_1_10.cnf|2.527970790863037|0.3202474117279053|1|10|28|16|10|FastDiagP_V2_2|solver_apps/org.sat4j.core.jar|[(12091, [-2])]
./data/linux/prod_1_10.cnf|2.550551176071167|0.3239583969116211|1|9|28|32|10|FastDiagP_V2_2|solver_apps/org.sat4j.core.jar|[(12091, [-2])]
