./data/linux/prod_1_1.cnf|3.3893020153045654|18|0|0|2|FastDiagP_V3_1|solver_apps/org.sat4j.core.jar|[(12083, [246])]
./data/linux/prod_1_1.cnf|3.3822782039642334|18|0|0|4|FastDiagP_V3_1|solver_apps/org.sat4j.core.jar|[(12083, [246])]
./data/linux/prod_1_1.cnf|3.4904568195343018|18|0|0|6|FastDiagP_V3_1|solver_apps/org.sat4j.core.jar|[(12083, [246])]
./data/linux/prod_1_1.cnf|3.432021141052246|18|0|0|8|FastDiagP_V3_1|solver_apps/org.sat4j.core.jar|[(12083, [246])]
./data/linux/prod_1_2.cnf|3.189941883087158|16|0|0|2|FastDiagP_V3_1|solver_apps/org.sat4j.core.jar|[(12113, [119])]
./data/linux/prod_1_2.cnf|3.1745851039886475|16|0|0|4|FastDiagP_V3_1|solver_apps/org.sat4j.core.jar|[(12113, [119])]
./data/linux/prod_1_2.cnf|3.1769700050354004|16|0|0|6|FastDiagP_V3_1|solver_apps/org.sat4j.core.jar|[(12113, [119])]
./data/linux/prod_1_2.cnf|3.2010600566864014|16|0|0|8|FastDiagP_V3_1|solver_apps/org.sat4j.core.jar|[(12113, [119])]
./data/linux/prod_1_3.cnf|3.3054327964782715|17|0|0|2|FastDiagP_V3_1|solver_apps/org.sat4j.core.jar|[(12076, [-2])]
./data/linux/prod_1_3.cnf|3.351179838180542|17|0|0|4|FastDiagP_V3_1|solver_apps/org.sat4j.core.jar|[(12076, [-2])]
./data/linux/prod_1_3.cnf|3.323946952819824|17|0|0|6|FastDiagP_V3_1|solver_apps/org.sat4j.core.jar|[(12076, [-2])]
./data/linux/prod_1_3.cnf|3.315061569213867|17|0|0|8|FastDiagP_V3_1|solver_apps/org.sat4j.core.jar|[(12076, [-2])]
./data/linux/prod_1_4.cnf|3.171550989151001|16|0|0|2|FastDiagP_V3_1|solver_apps/org.sat4j.core.jar|[(12077, [119])]
./data/linux/prod_1_4.cnf|3.1736912727355957|16|0|0|4|FastDiagP_V3_1|solver_apps/org.sat4j.core.jar|[(12077, [119])]
./data/linux/prod_1_4.cnf|3.156359910964966|16|0|0|6|FastDiagP_V3_1|solver_apps/org.sat4j.core.jar|[(12077, [119])]
./data/linux/prod_1_4.cnf|3.1889100074768066|16|0|0|8|FastDiagP_V3_1|solver_apps/org.sat4j.core.jar|[(12077, [119])]
./data/linux/prod_1_5.cnf|3.4152462482452393|18|0|0|2|FastDiagP_V3_1|solver_apps/org.sat4j.core.jar|[(12084, [119])]
./data/linux/prod_1_5.cnf|3.408073902130127|18|0|0|4|FastDiagP_V3_1|solver_apps/org.sat4j.core.jar|[(12084, [119])]
./data/linux/prod_1_5.cnf|3.4453911781311035|18|0|0|6|FastDiagP_V3_1|solver_apps/org.sat4j.core.jar|[(12084, [119])]
./data/linux/prod_1_5.cnf|3.456171989440918|18|0|0|8|FastDiagP_V3_1|solver_apps/org.sat4j.core.jar|[(12084, [119])]
./data/linux/prod_1_6.cnf|3.3115081787109375|17|0|0|2|FastDiagP_V3_1|solver_apps/org.sat4j.core.jar|[(12081, [-2])]
./data/linux/prod_1_6.cnf|3.319899082183838|17|0|0|4|FastDiagP_V3_1|solver_apps/org.sat4j.core.jar|[(12081, [-2])]
./data/linux/prod_1_6.cnf|3.3241372108459473|17|0|0|6|FastDiagP_V3_1|solver_apps/org.sat4j.core.jar|[(12081, [-2])]
./data/linux/prod_1_6.cnf|3.3294789791107178|17|0|0|8|FastDiagP_V3_1|solver_apps/org.sat4j.core.jar|[(12081, [-2])]
./data/linux/prod_1_7.cnf|3.313805103302002|17|0|0|2|FastDiagP_V3_1|solver_apps/org.sat4j.core.jar|[(12079, [196])]
./data/linux/prod_1_7.cnf|3.320162057876587|17|0|0|4|FastDiagP_V3_1|solver_apps/org.sat4j.core.jar|[(12079, [196])]
./data/linux/prod_1_7.cnf|3.3314077854156494|17|0|0|6|FastDiagP_V3_1|solver_apps/org.sat4j.core.jar|[(12079, [196])]
./data/linux/prod_1_7.cnf|3.322819232940674|17|0|0|8|FastDiagP_V3_1|solver_apps/org.sat4j.core.jar|[(12079, [196])]
./data/linux/prod_1_8.cnf|3.203913927078247|16|0|0|2|FastDiagP_V3_1|solver_apps/org.sat4j.core.jar|[(12079, [-2])]
./data/linux/prod_1_8.cnf|3.2080349922180176|16|0|0|4|FastDiagP_V3_1|solver_apps/org.sat4j.core.jar|[(12079, [-2])]
./data/linux/prod_1_8.cnf|3.2181179523468018|16|0|0|6|FastDiagP_V3_1|solver_apps/org.sat4j.core.jar|[(12079, [-2])]
./data/linux/prod_1_8.cnf|3.247206926345825|16|0|0|8|FastDiagP_V3_1|solver_apps/org.sat4j.core.jar|[(12079, [-2])]
./data/linux/prod_1_9.cnf|3.2087981700897217|16|0|0|2|FastDiagP_V3_1|solver_apps/org.sat4j.core.jar|[(12081, [-103])]
./data/linux/prod_1_9.cnf|3.191403865814209|16|0|0|4|FastDiagP_V3_1|solver_apps/org.sat4j.core.jar|[(12081, [-103])]
./data/linux/prod_1_9.cnf|3.2175097465515137|16|0|0|6|FastDiagP_V3_1|solver_apps/org.sat4j.core.jar|[(12081, [-103])]
./data/linux/prod_1_9.cnf|3.2271900177001953|16|0|0|8|FastDiagP_V3_1|solver_apps/org.sat4j.core.jar|[(12081, [-103])]
./data/linux/prod_1_10.cnf|3.3155477046966553|17|0|0|2|FastDiagP_V3_1|solver_apps/org.sat4j.core.jar|[(12091, [-2])]
./data/linux/prod_1_10.cnf|3.317797899246216|17|0|0|4|FastDiagP_V3_1|solver_apps/org.sat4j.core.jar|[(12091, [-2])]
./data/linux/prod_1_10.cnf|3.332568883895874|17|0|0|6|FastDiagP_V3_1|solver_apps/org.sat4j.core.jar|[(12091, [-2])]
./data/linux/prod_1_10.cnf|3.338022232055664|17|0|0|8|FastDiagP_V3_1|solver_apps/org.sat4j.core.jar|[(12091, [-2])]
./data/linux/prod_2_1.cnf|4.180087089538574|24|0|0|2|FastDiagP_V3_1|solver_apps/org.sat4j.core.jar|[(12077, [246]), (12104, [196])]
./data/linux/prod_2_1.cnf|4.193140029907227|24|0|0|4|FastDiagP_V3_1|solver_apps/org.sat4j.core.jar|[(12077, [246]), (12104, [196])]
./data/linux/prod_2_1.cnf|4.209360361099243|24|0|0|6|FastDiagP_V3_1|solver_apps/org.sat4j.core.jar|[(12077, [246]), (12104, [196])]
./data/linux/prod_2_1.cnf|4.202778100967407|24|0|0|8|FastDiagP_V3_1|solver_apps/org.sat4j.core.jar|[(12077, [246]), (12104, [196])]
./data/linux/prod_2_2.cnf|4.0779030323028564|23|0|0|2|FastDiagP_V3_1|solver_apps/org.sat4j.core.jar|[(12089, [196]), (12120, [119])]
./data/linux/prod_2_2.cnf|4.085094213485718|23|0|0|4|FastDiagP_V3_1|solver_apps/org.sat4j.core.jar|[(12089, [196]), (12120, [119])]
./data/linux/prod_2_2.cnf|4.093935012817383|23|0|0|6|FastDiagP_V3_1|solver_apps/org.sat4j.core.jar|[(12089, [196]), (12120, [119])]
./data/linux/prod_2_2.cnf|4.099726915359497|23|0|0|8|FastDiagP_V3_1|solver_apps/org.sat4j.core.jar|[(12089, [196]), (12120, [119])]
./data/linux/prod_2_3.cnf|4.093174934387207|23|0|0|2|FastDiagP_V3_1|solver_apps/org.sat4j.core.jar|[(12088, [196]), (12103, [-107])]
./data/linux/prod_2_3.cnf|4.098387002944946|23|0|0|4|FastDiagP_V3_1|solver_apps/org.sat4j.core.jar|[(12088, [196]), (12103, [-107])]
./data/linux/prod_2_3.cnf|4.113295078277588|23|0|0|6|FastDiagP_V3_1|solver_apps/org.sat4j.core.jar|[(12088, [196]), (12103, [-107])]
./data/linux/prod_2_3.cnf|4.117617845535278|23|0|0|8|FastDiagP_V3_1|solver_apps/org.sat4j.core.jar|[(12088, [196]), (12103, [-107])]
./data/linux/prod_2_4.cnf|4.269618272781372|25|0|0|2|FastDiagP_V3_1|solver_apps/org.sat4j.core.jar|[(12085, [119]), (12109, [196])]
./data/linux/prod_2_4.cnf|4.2897210121154785|25|0|0|4|FastDiagP_V3_1|solver_apps/org.sat4j.core.jar|[(12085, [119]), (12109, [196])]
./data/linux/prod_2_4.cnf|4.2935638427734375|25|0|0|6|FastDiagP_V3_1|solver_apps/org.sat4j.core.jar|[(12085, [119]), (12109, [196])]
./data/linux/prod_2_4.cnf|4.300680875778198|25|0|0|8|FastDiagP_V3_1|solver_apps/org.sat4j.core.jar|[(12085, [119]), (12109, [196])]
./data/linux/prod_2_5.cnf|3.944857120513916|22|0|0|2|FastDiagP_V3_1|solver_apps/org.sat4j.core.jar|[(12090, [119]), (12107, [-2])]
./data/linux/prod_2_5.cnf|3.946286916732788|22|0|0|4|FastDiagP_V3_1|solver_apps/org.sat4j.core.jar|[(12090, [119]), (12107, [-2])]
./data/linux/prod_2_5.cnf|3.9624807834625244|22|0|0|6|FastDiagP_V3_1|solver_apps/org.sat4j.core.jar|[(12090, [119]), (12107, [-2])]
./data/linux/prod_2_5.cnf|3.9619200229644775|22|0|0|8|FastDiagP_V3_1|solver_apps/org.sat4j.core.jar|[(12090, [119]), (12107, [-2])]
./data/linux/prod_2_6.cnf|3.9514009952545166|22|0|0|2|FastDiagP_V3_1|solver_apps/org.sat4j.core.jar|[(12085, [-10]), (12092, [-2])]
./data/linux/prod_2_6.cnf|3.9271960258483887|22|0|0|4|FastDiagP_V3_1|solver_apps/org.sat4j.core.jar|[(12085, [-10]), (12092, [-2])]
./data/linux/prod_2_6.cnf|3.9809179306030273|22|0|0|6|FastDiagP_V3_1|solver_apps/org.sat4j.core.jar|[(12085, [-10]), (12092, [-2])]
./data/linux/prod_2_6.cnf|3.9587771892547607|22|0|0|8|FastDiagP_V3_1|solver_apps/org.sat4j.core.jar|[(12085, [-10]), (12092, [-2])]
./data/linux/prod_2_7.cnf|4.082250118255615|23|0|0|2|FastDiagP_V3_1|solver_apps/org.sat4j.core.jar|[(12087, [119]), (12101, [-10])]
./data/linux/prod_2_7.cnf|4.112685203552246|23|0|0|4|FastDiagP_V3_1|solver_apps/org.sat4j.core.jar|[(12087, [119]), (12101, [-10])]
./data/linux/prod_2_7.cnf|4.093015909194946|23|0|0|6|FastDiagP_V3_1|solver_apps/org.sat4j.core.jar|[(12087, [119]), (12101, [-10])]
./data/linux/prod_2_7.cnf|4.097682952880859|23|0|0|8|FastDiagP_V3_1|solver_apps/org.sat4j.core.jar|[(12087, [119]), (12101, [-10])]
./data/linux/prod_2_8.cnf|4.277062177658081|25|0|0|2|FastDiagP_V3_1|solver_apps/org.sat4j.core.jar|[(12085, [196]), (12090, [119])]
./data/linux/prod_2_8.cnf|4.288494110107422|25|0|0|4|FastDiagP_V3_1|solver_apps/org.sat4j.core.jar|[(12085, [196]), (12090, [119])]
./data/linux/prod_2_8.cnf|4.269874811172485|25|0|0|6|FastDiagP_V3_1|solver_apps/org.sat4j.core.jar|[(12085, [196]), (12090, [119])]
./data/linux/prod_2_8.cnf|4.301522970199585|25|0|0|8|FastDiagP_V3_1|solver_apps/org.sat4j.core.jar|[(12085, [196]), (12090, [119])]
./data/linux/prod_2_9.cnf|3.8445472717285156|21|0|0|2|FastDiagP_V3_1|solver_apps/org.sat4j.core.jar|[(12103, [-2]), (12109, [-103])]
./data/linux/prod_2_9.cnf|3.856884002685547|21|0|0|4|FastDiagP_V3_1|solver_apps/org.sat4j.core.jar|[(12103, [-2]), (12109, [-103])]
./data/linux/prod_2_9.cnf|3.848228931427002|21|0|0|6|FastDiagP_V3_1|solver_apps/org.sat4j.core.jar|[(12103, [-2]), (12109, [-103])]
./data/linux/prod_2_9.cnf|3.856818199157715|21|0|0|8|FastDiagP_V3_1|solver_apps/org.sat4j.core.jar|[(12103, [-2]), (12109, [-103])]
./data/linux/prod_2_10.cnf|3.536792039871216|19|0|0|2|FastDiagP_V3_1|solver_apps/org.sat4j.core.jar|[(12083, [-107]), (12086, [-10])]
./data/linux/prod_2_10.cnf|3.5345170497894287|19|0|0|4|FastDiagP_V3_1|solver_apps/org.sat4j.core.jar|[(12083, [-107]), (12086, [-10])]
./data/linux/prod_2_10.cnf|3.568077802658081|19|0|0|6|FastDiagP_V3_1|solver_apps/org.sat4j.core.jar|[(12083, [-107]), (12086, [-10])]
./data/linux/prod_2_10.cnf|3.5457160472869873|19|0|0|8|FastDiagP_V3_1|solver_apps/org.sat4j.core.jar|[(12083, [-107]), (12086, [-10])]
./data/linux/prod_4_1.cnf|6.4348249435424805|42|0|0|2|FastDiagP_V3_1|solver_apps/org.sat4j.core.jar|[(12076, [254]), (12088, [271]), (12108, [196]), (12130, [119])]
./data/linux/prod_4_1.cnf|6.430286645889282|42|0|0|4|FastDiagP_V3_1|solver_apps/org.sat4j.core.jar|[(12076, [254]), (12088, [271]), (12108, [196]), (12130, [119])]
./data/linux/prod_4_1.cnf|6.434605836868286|42|0|0|6|FastDiagP_V3_1|solver_apps/org.sat4j.core.jar|[(12076, [254]), (12088, [271]), (12108, [196]), (12130, [119])]
./data/linux/prod_4_1.cnf|6.470457077026367|42|0|0|8|FastDiagP_V3_1|solver_apps/org.sat4j.core.jar|[(12076, [254]), (12088, [271]), (12108, [196]), (12130, [119])]
./data/linux/prod_4_2.cnf|6.4874958992004395|41|0|0|2|FastDiagP_V3_1|solver_apps/org.sat4j.core.jar|[(12091, [196]), (12115, [271]), (12133, [254]), (12165, [-257])]
./data/linux/prod_4_2.cnf|6.446575880050659|41|0|0|4|FastDiagP_V3_1|solver_apps/org.sat4j.core.jar|[(12091, [196]), (12115, [271]), (12133, [254]), (12165, [-257])]
./data/linux/prod_4_2.cnf|6.479211807250977|41|0|0|6|FastDiagP_V3_1|solver_apps/org.sat4j.core.jar|[(12091, [196]), (12115, [271]), (12133, [254]), (12165, [-257])]
./data/linux/prod_4_2.cnf|6.478226900100708|41|0|0|8|FastDiagP_V3_1|solver_apps/org.sat4j.core.jar|[(12091, [196]), (12115, [271]), (12133, [254]), (12165, [-257])]
./data/linux/prod_4_3.cnf|6.244736194610596|40|0|0|2|FastDiagP_V3_1|solver_apps/org.sat4j.core.jar|[(12079, [196]), (12119, [119]), (12147, [-257]), (12152, [271])]
./data/linux/prod_4_3.cnf|6.27551794052124|40|0|0|4|FastDiagP_V3_1|solver_apps/org.sat4j.core.jar|[(12079, [196]), (12119, [119]), (12147, [-257]), (12152, [271])]
./data/linux/prod_4_3.cnf|6.302686929702759|40|0|0|6|FastDiagP_V3_1|solver_apps/org.sat4j.core.jar|[(12079, [196]), (12119, [119]), (12147, [-257]), (12152, [271])]
./data/linux/prod_4_3.cnf|6.247873783111572|40|0|0|8|FastDiagP_V3_1|solver_apps/org.sat4j.core.jar|[(12079, [196]), (12119, [119]), (12147, [-257]), (12152, [271])]
./data/linux/prod_4_4.cnf|6.3007707595825195|40|0|0|2|FastDiagP_V3_1|solver_apps/org.sat4j.core.jar|[(12077, [271]), (12102, [246]), (12122, [119]), (12128, [254])]
./data/linux/prod_4_4.cnf|6.268851041793823|40|0|0|4|FastDiagP_V3_1|solver_apps/org.sat4j.core.jar|[(12077, [271]), (12102, [246]), (12122, [119]), (12128, [254])]
./data/linux/prod_4_4.cnf|6.283638954162598|40|0|0|6|FastDiagP_V3_1|solver_apps/org.sat4j.core.jar|[(12077, [271]), (12102, [246]), (12122, [119]), (12128, [254])]
./data/linux/prod_4_4.cnf|6.309749126434326|40|0|0|8|FastDiagP_V3_1|solver_apps/org.sat4j.core.jar|[(12077, [271]), (12102, [246]), (12122, [119]), (12128, [254])]
./data/linux/prod_4_5.cnf|5.910989999771118|37|0|0|2|FastDiagP_V3_1|solver_apps/org.sat4j.core.jar|[(12078, [246]), (12081, [119]), (12096, [254]), (12141, [196])]
./data/linux/prod_4_5.cnf|5.896450042724609|37|0|0|4|FastDiagP_V3_1|solver_apps/org.sat4j.core.jar|[(12078, [246]), (12081, [119]), (12096, [254]), (12141, [196])]
./data/linux/prod_4_5.cnf|5.94161581993103|37|0|0|6|FastDiagP_V3_1|solver_apps/org.sat4j.core.jar|[(12078, [246]), (12081, [119]), (12096, [254]), (12141, [196])]
./data/linux/prod_4_5.cnf|5.916399002075195|37|0|0|8|FastDiagP_V3_1|solver_apps/org.sat4j.core.jar|[(12078, [246]), (12081, [119]), (12096, [254]), (12141, [196])]
./data/linux/prod_4_6.cnf|5.134258985519409|31|0|0|2|FastDiagP_V3_1|solver_apps/org.sat4j.core.jar|[(12083, [246]), (12148, [271]), (12156, [-10]), (12157, [196])]
./data/linux/prod_4_6.cnf|5.181748151779175|31|0|0|4|FastDiagP_V3_1|solver_apps/org.sat4j.core.jar|[(12083, [246]), (12148, [271]), (12156, [-10]), (12157, [196])]
./data/linux/prod_4_6.cnf|5.141051769256592|31|0|0|6|FastDiagP_V3_1|solver_apps/org.sat4j.core.jar|[(12083, [246]), (12148, [271]), (12156, [-10]), (12157, [196])]
./data/linux/prod_4_6.cnf|5.139457941055298|31|0|0|8|FastDiagP_V3_1|solver_apps/org.sat4j.core.jar|[(12083, [246]), (12148, [271]), (12156, [-10]), (12157, [196])]
./data/linux/prod_4_7.cnf|5.667372941970825|35|0|0|2|FastDiagP_V3_1|solver_apps/org.sat4j.core.jar|[(12099, [246]), (12112, [196]), (12117, [119]), (12126, [-10])]
./data/linux/prod_4_7.cnf|5.655698299407959|35|0|0|4|FastDiagP_V3_1|solver_apps/org.sat4j.core.jar|[(12099, [246]), (12112, [196]), (12117, [119]), (12126, [-10])]
./data/linux/prod_4_7.cnf|5.672305107116699|35|0|0|6|FastDiagP_V3_1|solver_apps/org.sat4j.core.jar|[(12099, [246]), (12112, [196]), (12117, [119]), (12126, [-10])]
./data/linux/prod_4_7.cnf|5.6546549797058105|35|0|0|8|FastDiagP_V3_1|solver_apps/org.sat4j.core.jar|[(12099, [246]), (12112, [196]), (12117, [119]), (12126, [-10])]
./data/linux/prod_4_8.cnf|5.722303152084351|35|0|0|2|FastDiagP_V3_1|solver_apps/org.sat4j.core.jar|[(12086, [254]), (12105, [271]), (12110, [196]), (12136, [246])]
./data/linux/prod_4_8.cnf|5.678694248199463|35|0|0|4|FastDiagP_V3_1|solver_apps/org.sat4j.core.jar|[(12086, [254]), (12105, [271]), (12110, [196]), (12136, [246])]
./data/linux/prod_4_8.cnf|5.682755708694458|35|0|0|6|FastDiagP_V3_1|solver_apps/org.sat4j.core.jar|[(12086, [254]), (12105, [271]), (12110, [196]), (12136, [246])]
./data/linux/prod_4_8.cnf|5.689892292022705|35|0|0|8|FastDiagP_V3_1|solver_apps/org.sat4j.core.jar|[(12086, [254]), (12105, [271]), (12110, [196]), (12136, [246])]
./data/linux/prod_4_9.cnf|5.611121892929077|35|0|0|2|FastDiagP_V3_1|solver_apps/org.sat4j.core.jar|[(12093, [196]), (12095, [246]), (12100, [254]), (12127, [119])]
./data/linux/prod_4_9.cnf|5.62357497215271|35|0|0|4|FastDiagP_V3_1|solver_apps/org.sat4j.core.jar|[(12093, [196]), (12095, [246]), (12100, [254]), (12127, [119])]
./data/linux/prod_4_9.cnf|5.636650085449219|35|0|0|6|FastDiagP_V3_1|solver_apps/org.sat4j.core.jar|[(12093, [196]), (12095, [246]), (12100, [254]), (12127, [119])]
./data/linux/prod_4_9.cnf|5.63214898109436|35|0|0|8|FastDiagP_V3_1|solver_apps/org.sat4j.core.jar|[(12093, [196]), (12095, [246]), (12100, [254]), (12127, [119])]
./data/linux/prod_4_10.cnf|5.294649839401245|32|0|0|2|FastDiagP_V3_1|solver_apps/org.sat4j.core.jar|[(12108, [196]), (12119, [119]), (12147, [246]), (12148, [-103])]
./data/linux/prod_4_10.cnf|5.275660037994385|32|0|0|4|FastDiagP_V3_1|solver_apps/org.sat4j.core.jar|[(12108, [196]), (12119, [119]), (12147, [246]), (12148, [-103])]
./data/linux/prod_4_10.cnf|5.292901039123535|32|0|0|6|FastDiagP_V3_1|solver_apps/org.sat4j.core.jar|[(12108, [196]), (12119, [119]), (12147, [246]), (12148, [-103])]
./data/linux/prod_4_10.cnf|5.274951934814453|32|0|0|8|FastDiagP_V3_1|solver_apps/org.sat4j.core.jar|[(12108, [196]), (12119, [119]), (12147, [246]), (12148, [-103])]
./data/linux/prod_8_1.cnf|9.8788161277771|68|0|0|2|FastDiagP_V3_1|solver_apps/org.sat4j.core.jar|[(12079, [1010]), (12090, [254]), (12104, [196]), (12122, [999]), (12154, [246]), (12160, [119]), (12189, [797]), (12216, [-693])]
./data/linux/prod_8_1.cnf|9.907880306243896|68|0|0|4|FastDiagP_V3_1|solver_apps/org.sat4j.core.jar|[(12079, [1010]), (12090, [254]), (12104, [196]), (12122, [999]), (12154, [246]), (12160, [119]), (12189, [797]), (12216, [-693])]
./data/linux/prod_8_1.cnf|9.858496904373169|68|0|0|6|FastDiagP_V3_1|solver_apps/org.sat4j.core.jar|[(12079, [1010]), (12090, [254]), (12104, [196]), (12122, [999]), (12154, [246]), (12160, [119]), (12189, [797]), (12216, [-693])]
./data/linux/prod_8_1.cnf|9.88604211807251|68|0|0|8|FastDiagP_V3_1|solver_apps/org.sat4j.core.jar|[(12079, [1010]), (12090, [254]), (12104, [196]), (12122, [999]), (12154, [246]), (12160, [119]), (12189, [797]), (12216, [-693])]
./data/linux/prod_8_2.cnf|8.548142194747925|58|0|0|2|FastDiagP_V3_1|solver_apps/org.sat4j.core.jar|[(12107, [254]), (12111, [271]), (12115, [1010]), (12141, [196]), (12154, [246]), (12158, [119]), (12173, [797]), (12223, [-698])]
./data/linux/prod_8_2.cnf|8.587592124938965|58|0|0|4|FastDiagP_V3_1|solver_apps/org.sat4j.core.jar|[(12107, [254]), (12111, [271]), (12115, [1010]), (12141, [196]), (12154, [246]), (12158, [119]), (12173, [797]), (12223, [-698])]
./data/linux/prod_8_2.cnf|8.583951711654663|58|0|0|6|FastDiagP_V3_1|solver_apps/org.sat4j.core.jar|[(12107, [254]), (12111, [271]), (12115, [1010]), (12141, [196]), (12154, [246]), (12158, [119]), (12173, [797]), (12223, [-698])]
./data/linux/prod_8_2.cnf|8.600314855575562|58|0|0|8|FastDiagP_V3_1|solver_apps/org.sat4j.core.jar|[(12107, [254]), (12111, [271]), (12115, [1010]), (12141, [196]), (12154, [246]), (12158, [119]), (12173, [797]), (12223, [-698])]
./data/linux/prod_8_3.cnf|9.981689929962158|69|0|0|2|FastDiagP_V3_1|solver_apps/org.sat4j.core.jar|[(12077, [271]), (12087, [196]), (12146, [797]), (12147, [999]), (12161, [246]), (12168, [119]), (12188, [1010]), (12212, [254])]
./data/linux/prod_8_3.cnf|9.941787958145142|69|0|0|4|FastDiagP_V3_1|solver_apps/org.sat4j.core.jar|[(12077, [271]), (12087, [196]), (12146, [797]), (12147, [999]), (12161, [246]), (12168, [119]), (12188, [1010]), (12212, [254])]
./data/linux/prod_8_3.cnf|9.871782064437866|69|0|0|6|FastDiagP_V3_1|solver_apps/org.sat4j.core.jar|[(12077, [271]), (12087, [196]), (12146, [797]), (12147, [999]), (12161, [246]), (12168, [119]), (12188, [1010]), (12212, [254])]
./data/linux/prod_8_3.cnf|9.910490274429321|69|0|0|8|FastDiagP_V3_1|solver_apps/org.sat4j.core.jar|[(12077, [271]), (12087, [196]), (12146, [797]), (12147, [999]), (12161, [246]), (12168, [119]), (12188, [1010]), (12212, [254])]
./data/linux/prod_8_4.cnf|8.87348484992981|61|0|0|2|FastDiagP_V3_1|solver_apps/org.sat4j.core.jar|[(12116, [254]), (12129, [1010]), (12163, [271]), (12184, [196]), (12192, [246]), (12204, [797]), (12220, [119]), (12223, [999])]
./data/linux/prod_8_4.cnf|8.846046924591064|61|0|0|4|FastDiagP_V3_1|solver_apps/org.sat4j.core.jar|[(12116, [254]), (12129, [1010]), (12163, [271]), (12184, [196]), (12192, [246]), (12204, [797]), (12220, [119]), (12223, [999])]
./data/linux/prod_8_4.cnf|8.868187189102173|61|0|0|6|FastDiagP_V3_1|solver_apps/org.sat4j.core.jar|[(12116, [254]), (12129, [1010]), (12163, [271]), (12184, [196]), (12192, [246]), (12204, [797]), (12220, [119]), (12223, [999])]
./data/linux/prod_8_4.cnf|8.864351034164429|61|0|0|8|FastDiagP_V3_1|solver_apps/org.sat4j.core.jar|[(12116, [254]), (12129, [1010]), (12163, [271]), (12184, [196]), (12192, [246]), (12204, [797]), (12220, [119]), (12223, [999])]
./data/linux/prod_8_5.cnf|8.284435033798218|56|0|0|2|FastDiagP_V3_1|solver_apps/org.sat4j.core.jar|[(12077, [119]), (12086, [246]), (12091, [254]), (12101, [271]), (12124, [196]), (12154, [-693]), (12163, [-2]), (12169, [-103])]
./data/linux/prod_8_5.cnf|8.290594100952148|56|0|0|4|FastDiagP_V3_1|solver_apps/org.sat4j.core.jar|[(12077, [119]), (12086, [246]), (12091, [254]), (12101, [271]), (12124, [196]), (12154, [-693]), (12163, [-2]), (12169, [-103])]
./data/linux/prod_8_5.cnf|8.302433252334595|56|0|0|6|FastDiagP_V3_1|solver_apps/org.sat4j.core.jar|[(12077, [119]), (12086, [246]), (12091, [254]), (12101, [271]), (12124, [196]), (12154, [-693]), (12163, [-2]), (12169, [-103])]
./data/linux/prod_8_5.cnf|8.366416215896606|56|0|0|8|FastDiagP_V3_1|solver_apps/org.sat4j.core.jar|[(12077, [119]), (12086, [246]), (12091, [254]), (12101, [271]), (12124, [196]), (12154, [-693]), (12163, [-2]), (12169, [-103])]
./data/linux/prod_8_6.cnf|8.679020166397095|60|0|0|2|FastDiagP_V3_1|solver_apps/org.sat4j.core.jar|[(12079, [271]), (12105, [196]), (12115, [254]), (12119, [246]), (12127, [119]), (12136, [-198]), (12138, [-2]), (12144, [-256])]
./data/linux/prod_8_6.cnf|8.697516918182373|60|0|0|4|FastDiagP_V3_1|solver_apps/org.sat4j.core.jar|[(12079, [271]), (12105, [196]), (12115, [254]), (12119, [246]), (12127, [119]), (12136, [-198]), (12138, [-2]), (12144, [-256])]
./data/linux/prod_8_6.cnf|8.711318969726562|60|0|0|6|FastDiagP_V3_1|solver_apps/org.sat4j.core.jar|[(12079, [271]), (12105, [196]), (12115, [254]), (12119, [246]), (12127, [119]), (12136, [-198]), (12138, [-2]), (12144, [-256])]
./data/linux/prod_8_6.cnf|8.722166061401367|60|0|0|8|FastDiagP_V3_1|solver_apps/org.sat4j.core.jar|[(12079, [271]), (12105, [196]), (12115, [254]), (12119, [246]), (12127, [119]), (12136, [-198]), (12138, [-2]), (12144, [-256])]
./data/linux/prod_8_7.cnf|7.764756917953491|52|0|0|2|FastDiagP_V3_1|solver_apps/org.sat4j.core.jar|[(12086, [246]), (12134, [254]), (12143, [119]), (12148, [-203]), (12153, [-103]), (12155, [-10]), (12158, [-690]), (12167, [271])]
./data/linux/prod_8_7.cnf|7.753496885299683|52|0|0|4|FastDiagP_V3_1|solver_apps/org.sat4j.core.jar|[(12086, [246]), (12134, [254]), (12143, [119]), (12148, [-203]), (12153, [-103]), (12155, [-10]), (12158, [-690]), (12167, [271])]
./data/linux/prod_8_7.cnf|7.757736921310425|52|0|0|6|FastDiagP_V3_1|solver_apps/org.sat4j.core.jar|[(12086, [246]), (12134, [254]), (12143, [119]), (12148, [-203]), (12153, [-103]), (12155, [-10]), (12158, [-690]), (12167, [271])]
./data/linux/prod_8_7.cnf|7.778723955154419|52|0|0|8|FastDiagP_V3_1|solver_apps/org.sat4j.core.jar|[(12086, [246]), (12134, [254]), (12143, [119]), (12148, [-203]), (12153, [-103]), (12155, [-10]), (12158, [-690]), (12167, [271])]
./data/linux/prod_8_8.cnf|7.84345006942749|53|0|0|2|FastDiagP_V3_1|solver_apps/org.sat4j.core.jar|[(12117, [246]), (12129, [254]), (12130, [196]), (12137, [119]), (12144, [271]), (12164, [-107]), (12171, [-690]), (12175, [-198])]
./data/linux/prod_8_8.cnf|7.805432081222534|53|0|0|4|FastDiagP_V3_1|solver_apps/org.sat4j.core.jar|[(12117, [246]), (12129, [254]), (12130, [196]), (12137, [119]), (12144, [271]), (12164, [-107]), (12171, [-690]), (12175, [-198])]
./data/linux/prod_8_8.cnf|7.833952188491821|53|0|0|6|FastDiagP_V3_1|solver_apps/org.sat4j.core.jar|[(12117, [246]), (12129, [254]), (12130, [196]), (12137, [119]), (12144, [271]), (12164, [-107]), (12171, [-690]), (12175, [-198])]
./data/linux/prod_8_8.cnf|7.82706093788147|53|0|0|8|FastDiagP_V3_1|solver_apps/org.sat4j.core.jar|[(12117, [246]), (12129, [254]), (12130, [196]), (12137, [119]), (12144, [271]), (12164, [-107]), (12171, [-690]), (12175, [-198])]
./data/linux/prod_8_9.cnf|8.339998960494995|57|0|0|2|FastDiagP_V3_1|solver_apps/org.sat4j.core.jar|[(12078, [246]), (12096, [119]), (12124, [271]), (12132, [196]), (12145, [-202]), (12155, [-103]), (12159, [254]), (12160, [-198])]
./data/linux/prod_8_9.cnf|8.330379009246826|57|0|0|4|FastDiagP_V3_1|solver_apps/org.sat4j.core.jar|[(12078, [246]), (12096, [119]), (12124, [271]), (12132, [196]), (12145, [-202]), (12155, [-103]), (12159, [254]), (12160, [-198])]
./data/linux/prod_8_9.cnf|8.369070768356323|57|0|0|6|FastDiagP_V3_1|solver_apps/org.sat4j.core.jar|[(12078, [246]), (12096, [119]), (12124, [271]), (12132, [196]), (12145, [-202]), (12155, [-103]), (12159, [254]), (12160, [-198])]
./data/linux/prod_8_9.cnf|8.332038164138794|57|0|0|8|FastDiagP_V3_1|solver_apps/org.sat4j.core.jar|[(12078, [246]), (12096, [119]), (12124, [271]), (12132, [196]), (12145, [-202]), (12155, [-103]), (12159, [254]), (12160, [-198])]
./data/linux/prod_8_10.cnf|7.214603900909424|48|0|0|2|FastDiagP_V3_1|solver_apps/org.sat4j.core.jar|[(12085, [246]), (12142, [271]), (12143, [254]), (12149, [196]), (12151, [119]), (12161, [-107]), (12166, [-103]), (12167, [-285])]
./data/linux/prod_8_10.cnf|7.198124885559082|48|0|0|4|FastDiagP_V3_1|solver_apps/org.sat4j.core.jar|[(12085, [246]), (12142, [271]), (12143, [254]), (12149, [196]), (12151, [119]), (12161, [-107]), (12166, [-103]), (12167, [-285])]
./data/linux/prod_8_10.cnf|7.217605829238892|48|0|0|6|FastDiagP_V3_1|solver_apps/org.sat4j.core.jar|[(12085, [246]), (12142, [271]), (12143, [254]), (12149, [196]), (12151, [119]), (12161, [-107]), (12166, [-103]), (12167, [-285])]
./data/linux/prod_8_10.cnf|7.209620237350464|48|0|0|8|FastDiagP_V3_1|solver_apps/org.sat4j.core.jar|[(12085, [246]), (12142, [271]), (12143, [254]), (12149, [196]), (12151, [119]), (12161, [-107]), (12166, [-103]), (12167, [-285])]
./data/linux/prod_16_1.cnf|17.019588947296143|126|0|0|2|FastDiagP_V3_1|solver_apps/org.sat4j.core.jar|[(12079, [119]), (12090, [1524]), (12113, [1247]), (12119, [1235]), (12134, [1780]), (12149, [1010]), (12160, [999]), (12175, [1791]), (12222, [254]), (12231, [1251]), (12237, [1495]), (12241, [271]), (12248, [1756]), (12260, [1773]), (12268, [797]), (12313, [-124])]
./data/linux/prod_16_1.cnf|17.030609846115112|126|0|0|4|FastDiagP_V3_1|solver_apps/org.sat4j.core.jar|[(12079, [119]), (12090, [1524]), (12113, [1247]), (12119, [1235]), (12134, [1780]), (12149, [1010]), (12160, [999]), (12175, [1791]), (12222, [254]), (12231, [1251]), (12237, [1495]), (12241, [271]), (12248, [1756]), (12260, [1773]), (12268, [797]), (12313, [-124])]
./data/linux/prod_16_1.cnf|17.06591486930847|126|0|0|6|FastDiagP_V3_1|solver_apps/org.sat4j.core.jar|[(12079, [119]), (12090, [1524]), (12113, [1247]), (12119, [1235]), (12134, [1780]), (12149, [1010]), (12160, [999]), (12175, [1791]), (12222, [254]), (12231, [1251]), (12237, [1495]), (12241, [271]), (12248, [1756]), (12260, [1773]), (12268, [797]), (12313, [-124])]
./data/linux/prod_16_1.cnf|16.984102964401245|126|0|0|8|FastDiagP_V3_1|solver_apps/org.sat4j.core.jar|[(12079, [119]), (12090, [1524]), (12113, [1247]), (12119, [1235]), (12134, [1780]), (12149, [1010]), (12160, [999]), (12175, [1791]), (12222, [254]), (12231, [1251]), (12237, [1495]), (12241, [271]), (12248, [1756]), (12260, [1773]), (12268, [797]), (12313, [-124])]
./data/linux/prod_16_2.cnf|16.181235790252686|119|0|0|2|FastDiagP_V3_1|solver_apps/org.sat4j.core.jar|[(12086, [246]), (12103, [1247]), (12116, [1249]), (12127, [1495]), (12151, [196]), (12166, [797]), (12169, [271]), (12175, [254]), (12196, [1509]), (12202, [201]), (12222, [812]), (12246, [90]), (12253, [119]), (12260, [-1002]), (12268, [-107]), (12275, [-202])]
./data/linux/prod_16_2.cnf|16.175797939300537|119|0|0|4|FastDiagP_V3_1|solver_apps/org.sat4j.core.jar|[(12086, [246]), (12103, [1247]), (12116, [1249]), (12127, [1495]), (12151, [196]), (12166, [797]), (12169, [271]), (12175, [254]), (12196, [1509]), (12202, [201]), (12222, [812]), (12246, [90]), (12253, [119]), (12260, [-1002]), (12268, [-107]), (12275, [-202])]
./data/linux/prod_16_2.cnf|16.2236168384552|119|0|0|6|FastDiagP_V3_1|solver_apps/org.sat4j.core.jar|[(12086, [246]), (12103, [1247]), (12116, [1249]), (12127, [1495]), (12151, [196]), (12166, [797]), (12169, [271]), (12175, [254]), (12196, [1509]), (12202, [201]), (12222, [812]), (12246, [90]), (12253, [119]), (12260, [-1002]), (12268, [-107]), (12275, [-202])]
./data/linux/prod_16_2.cnf|16.194087266921997|119|0|0|8|FastDiagP_V3_1|solver_apps/org.sat4j.core.jar|[(12086, [246]), (12103, [1247]), (12116, [1249]), (12127, [1495]), (12151, [196]), (12166, [797]), (12169, [271]), (12175, [254]), (12196, [1509]), (12202, [201]), (12222, [812]), (12246, [90]), (12253, [119]), (12260, [-1002]), (12268, [-107]), (12275, [-202])]
./data/linux/prod_16_3.cnf|14.768160820007324|108|0|0|2|FastDiagP_V3_1|solver_apps/org.sat4j.core.jar|[(12081, [1495]), (12094, [1251]), (12127, [246]), (12139, [254]), (12140, [1010]), (12162, [90]), (12169, [196]), (12178, [271]), (12199, [1235]), (12203, [201]), (12210, [797]), (12233, [1249]), (12236, [119]), (12237, [1247]), (12243, [1509]), (12248, [812])]
./data/linux/prod_16_3.cnf|14.741167068481445|108|0|0|4|FastDiagP_V3_1|solver_apps/org.sat4j.core.jar|[(12081, [1495]), (12094, [1251]), (12127, [246]), (12139, [254]), (12140, [1010]), (12162, [90]), (12169, [196]), (12178, [271]), (12199, [1235]), (12203, [201]), (12210, [797]), (12233, [1249]), (12236, [119]), (12237, [1247]), (12243, [1509]), (12248, [812])]
./data/linux/prod_16_3.cnf|14.804242134094238|108|0|0|6|FastDiagP_V3_1|solver_apps/org.sat4j.core.jar|[(12081, [1495]), (12094, [1251]), (12127, [246]), (12139, [254]), (12140, [1010]), (12162, [90]), (12169, [196]), (12178, [271]), (12199, [1235]), (12203, [201]), (12210, [797]), (12233, [1249]), (12236, [119]), (12237, [1247]), (12243, [1509]), (12248, [812])]
./data/linux/prod_16_3.cnf|14.77754282951355|108|0|0|8|FastDiagP_V3_1|solver_apps/org.sat4j.core.jar|[(12081, [1495]), (12094, [1251]), (12127, [246]), (12139, [254]), (12140, [1010]), (12162, [90]), (12169, [196]), (12178, [271]), (12199, [1235]), (12203, [201]), (12210, [797]), (12233, [1249]), (12236, [119]), (12237, [1247]), (12243, [1509]), (12248, [812])]
./data/linux/prod_16_4.cnf|14.69379210472107|108|0|0|2|FastDiagP_V3_1|solver_apps/org.sat4j.core.jar|[(12086, [246]), (12089, [1010]), (12093, [201]), (12100, [1509]), (12113, [196]), (12132, [1251]), (12158, [1247]), (12168, [1235]), (12219, [254]), (12222, [812]), (12227, [1249]), (12242, [797]), (12247, [271]), (12253, [1495]), (12255, [119]), (12270, [-1505])]
./data/linux/prod_16_4.cnf|14.74813437461853|108|0|0|4|FastDiagP_V3_1|solver_apps/org.sat4j.core.jar|[(12086, [246]), (12089, [1010]), (12093, [201]), (12100, [1509]), (12113, [196]), (12132, [1251]), (12158, [1247]), (12168, [1235]), (12219, [254]), (12222, [812]), (12227, [1249]), (12242, [797]), (12247, [271]), (12253, [1495]), (12255, [119]), (12270, [-1505])]
./data/linux/prod_16_4.cnf|14.579923868179321|108|0|0|6|FastDiagP_V3_1|solver_apps/org.sat4j.core.jar|[(12086, [246]), (12089, [1010]), (12093, [201]), (12100, [1509]), (12113, [196]), (12132, [1251]), (12158, [1247]), (12168, [1235]), (12219, [254]), (12222, [812]), (12227, [1249]), (12242, [797]), (12247, [271]), (12253, [1495]), (12255, [119]), (12270, [-1505])]
./data/linux/prod_16_4.cnf|14.567447185516357|108|0|0|8|FastDiagP_V3_1|solver_apps/org.sat4j.core.jar|[(12086, [246]), (12089, [1010]), (12093, [201]), (12100, [1509]), (12113, [196]), (12132, [1251]), (12158, [1247]), (12168, [1235]), (12219, [254]), (12222, [812]), (12227, [1249]), (12242, [797]), (12247, [271]), (12253, [1495]), (12255, [119]), (12270, [-1505])]
./data/linux/prod_16_5.cnf|14.847715139389038|109|0|0|2|FastDiagP_V3_1|solver_apps/org.sat4j.core.jar|[(12078, [1010]), (12101, [812]), (12119, [271]), (12174, [246]), (12182, [201]), (12191, [797]), (12193, [1235]), (12199, [1249]), (12200, [1509]), (12201, [1251]), (12211, [196]), (12225, [119]), (12234, [254]), (12242, [90]), (12266, [-256]), (12272, [-103])]
./data/linux/prod_16_5.cnf|14.828855991363525|109|0|0|4|FastDiagP_V3_1|solver_apps/org.sat4j.core.jar|[(12078, [1010]), (12101, [812]), (12119, [271]), (12174, [246]), (12182, [201]), (12191, [797]), (12193, [1235]), (12199, [1249]), (12200, [1509]), (12201, [1251]), (12211, [196]), (12225, [119]), (12234, [254]), (12242, [90]), (12266, [-256]), (12272, [-103])]
./data/linux/prod_16_5.cnf|14.839282035827637|109|0|0|6|FastDiagP_V3_1|solver_apps/org.sat4j.core.jar|[(12078, [1010]), (12101, [812]), (12119, [271]), (12174, [246]), (12182, [201]), (12191, [797]), (12193, [1235]), (12199, [1249]), (12200, [1509]), (12201, [1251]), (12211, [196]), (12225, [119]), (12234, [254]), (12242, [90]), (12266, [-256]), (12272, [-103])]
./data/linux/prod_16_5.cnf|14.864123821258545|109|0|0|8|FastDiagP_V3_1|solver_apps/org.sat4j.core.jar|[(12078, [1010]), (12101, [812]), (12119, [271]), (12174, [246]), (12182, [201]), (12191, [797]), (12193, [1235]), (12199, [1249]), (12200, [1509]), (12201, [1251]), (12211, [196]), (12225, [119]), (12234, [254]), (12242, [90]), (12266, [-256]), (12272, [-103])]
./data/linux/prod_16_6.cnf|15.49408483505249|114|0|0|2|FastDiagP_V3_1|solver_apps/org.sat4j.core.jar|[(12077, [797]), (12088, [1247]), (12142, [119]), (12147, [90]), (12167, [254]), (12173, [1010]), (12188, [1249]), (12190, [201]), (12191, [196]), (12196, [1495]), (12208, [271]), (12227, [1235]), (12230, [812]), (12241, [1509]), (12249, [246]), (12261, [1251])]
./data/linux/prod_16_6.cnf|15.456995248794556|114|0|0|4|FastDiagP_V3_1|solver_apps/org.sat4j.core.jar|[(12077, [797]), (12088, [1247]), (12142, [119]), (12147, [90]), (12167, [254]), (12173, [1010]), (12188, [1249]), (12190, [201]), (12191, [196]), (12196, [1495]), (12208, [271]), (12227, [1235]), (12230, [812]), (12241, [1509]), (12249, [246]), (12261, [1251])]
./data/linux/prod_16_6.cnf|15.437410831451416|114|0|0|6|FastDiagP_V3_1|solver_apps/org.sat4j.core.jar|[(12077, [797]), (12088, [1247]), (12142, [119]), (12147, [90]), (12167, [254]), (12173, [1010]), (12188, [1249]), (12190, [201]), (12191, [196]), (12196, [1495]), (12208, [271]), (12227, [1235]), (12230, [812]), (12241, [1509]), (12249, [246]), (12261, [1251])]
./data/linux/prod_16_6.cnf|15.371928930282593|114|0|0|8|FastDiagP_V3_1|solver_apps/org.sat4j.core.jar|[(12077, [797]), (12088, [1247]), (12142, [119]), (12147, [90]), (12167, [254]), (12173, [1010]), (12188, [1249]), (12190, [201]), (12191, [196]), (12196, [1495]), (12208, [271]), (12227, [1235]), (12230, [812]), (12241, [1509]), (12249, [246]), (12261, [1251])]
./data/linux/prod_16_7.cnf|14.003087759017944|103|0|0|2|FastDiagP_V3_1|solver_apps/org.sat4j.core.jar|[(12101, [246]), (12104, [271]), (12112, [1509]), (12129, [119]), (12133, [196]), (12136, [201]), (12147, [90]), (12168, [812]), (12172, [1247]), (12179, [1249]), (12195, [1010]), (12199, [254]), (12201, [1251]), (12240, [1495]), (12254, [797]), (12257, [-256])]
./data/linux/prod_16_7.cnf|13.96360969543457|103|0|0|4|FastDiagP_V3_1|solver_apps/org.sat4j.core.jar|[(12101, [246]), (12104, [271]), (12112, [1509]), (12129, [119]), (12133, [196]), (12136, [201]), (12147, [90]), (12168, [812]), (12172, [1247]), (12179, [1249]), (12195, [1010]), (12199, [254]), (12201, [1251]), (12240, [1495]), (12254, [797]), (12257, [-256])]
./data/linux/prod_16_7.cnf|14.0281400680542|103|0|0|6|FastDiagP_V3_1|solver_apps/org.sat4j.core.jar|[(12101, [246]), (12104, [271]), (12112, [1509]), (12129, [119]), (12133, [196]), (12136, [201]), (12147, [90]), (12168, [812]), (12172, [1247]), (12179, [1249]), (12195, [1010]), (12199, [254]), (12201, [1251]), (12240, [1495]), (12254, [797]), (12257, [-256])]
./data/linux/prod_16_7.cnf|14.02200722694397|103|0|0|8|FastDiagP_V3_1|solver_apps/org.sat4j.core.jar|[(12101, [246]), (12104, [271]), (12112, [1509]), (12129, [119]), (12133, [196]), (12136, [201]), (12147, [90]), (12168, [812]), (12172, [1247]), (12179, [1249]), (12195, [1010]), (12199, [254]), (12201, [1251]), (12240, [1495]), (12254, [797]), (12257, [-256])]
./data/linux/prod_16_8.cnf|13.634806156158447|100|0|0|2|FastDiagP_V3_1|solver_apps/org.sat4j.core.jar|[(12101, [246]), (12104, [271]), (12112, [1509]), (12129, [119]), (12133, [196]), (12136, [201]), (12147, [90]), (12168, [812]), (12172, [1247]), (12179, [1249]), (12195, [1010]), (12199, [254]), (12201, [1251]), (12240, [1495]), (12271, [-1001]), (12272, [-800])]
./data/linux/prod_16_8.cnf|13.612675189971924|100|0|0|4|FastDiagP_V3_1|solver_apps/org.sat4j.core.jar|[(12101, [246]), (12104, [271]), (12112, [1509]), (12129, [119]), (12133, [196]), (12136, [201]), (12147, [90]), (12168, [812]), (12172, [1247]), (12179, [1249]), (12195, [1010]), (12199, [254]), (12201, [1251]), (12240, [1495]), (12271, [-1001]), (12272, [-800])]
./data/linux/prod_16_8.cnf|13.60907793045044|100|0|0|6|FastDiagP_V3_1|solver_apps/org.sat4j.core.jar|[(12101, [246]), (12104, [271]), (12112, [1509]), (12129, [119]), (12133, [196]), (12136, [201]), (12147, [90]), (12168, [812]), (12172, [1247]), (12179, [1249]), (12195, [1010]), (12199, [254]), (12201, [1251]), (12240, [1495]), (12271, [-1001]), (12272, [-800])]
./data/linux/prod_16_8.cnf|13.642292022705078|100|0|0|8|FastDiagP_V3_1|solver_apps/org.sat4j.core.jar|[(12101, [246]), (12104, [271]), (12112, [1509]), (12129, [119]), (12133, [196]), (12136, [201]), (12147, [90]), (12168, [812]), (12172, [1247]), (12179, [1249]), (12195, [1010]), (12199, [254]), (12201, [1251]), (12240, [1495]), (12271, [-1001]), (12272, [-800])]
./data/linux/prod_16_9.cnf|13.70079493522644|101|0|0|2|FastDiagP_V3_1|solver_apps/org.sat4j.core.jar|[(12087, [1235]), (12102, [1251]), (12129, [90]), (12130, [1010]), (12157, [812]), (12165, [196]), (12179, [1247]), (12185, [246]), (12186, [201]), (12219, [1249]), (12223, [271]), (12225, [1495]), (12232, [119]), (12252, [254]), (12255, [797]), (12260, [1509])]
./data/linux/prod_16_9.cnf|13.71408987045288|101|0|0|4|FastDiagP_V3_1|solver_apps/org.sat4j.core.jar|[(12087, [1235]), (12102, [1251]), (12129, [90]), (12130, [1010]), (12157, [812]), (12165, [196]), (12179, [1247]), (12185, [246]), (12186, [201]), (12219, [1249]), (12223, [271]), (12225, [1495]), (12232, [119]), (12252, [254]), (12255, [797]), (12260, [1509])]
./data/linux/prod_16_9.cnf|13.833307027816772|101|0|0|6|FastDiagP_V3_1|solver_apps/org.sat4j.core.jar|[(12087, [1235]), (12102, [1251]), (12129, [90]), (12130, [1010]), (12157, [812]), (12165, [196]), (12179, [1247]), (12185, [246]), (12186, [201]), (12219, [1249]), (12223, [271]), (12225, [1495]), (12232, [119]), (12252, [254]), (12255, [797]), (12260, [1509])]
./data/linux/prod_16_9.cnf|14.007903099060059|101|0|0|8|FastDiagP_V3_1|solver_apps/org.sat4j.core.jar|[(12087, [1235]), (12102, [1251]), (12129, [90]), (12130, [1010]), (12157, [812]), (12165, [196]), (12179, [1247]), (12185, [246]), (12186, [201]), (12219, [1249]), (12223, [271]), (12225, [1495]), (12232, [119]), (12252, [254]), (12255, [797]), (12260, [1509])]
./data/linux/prod_16_10.cnf|13.831057786941528|99|0|0|2|FastDiagP_V3_1|solver_apps/org.sat4j.core.jar|[(12081, [1251]), (12099, [1235]), (12100, [246]), (12108, [1249]), (12113, [271]), (12146, [797]), (12179, [119]), (12191, [1495]), (12203, [1247]), (12216, [999]), (12241, [254]), (12242, [1010]), (12264, [-1227]), (12269, [-103]), (12270, [196]), (12272, [-115])]
./data/linux/prod_16_10.cnf|13.849536895751953|99|0|0|4|FastDiagP_V3_1|solver_apps/org.sat4j.core.jar|[(12081, [1251]), (12099, [1235]), (12100, [246]), (12108, [1249]), (12113, [271]), (12146, [797]), (12179, [119]), (12191, [1495]), (12203, [1247]), (12216, [999]), (12241, [254]), (12242, [1010]), (12264, [-1227]), (12269, [-103]), (12270, [196]), (12272, [-115])]
./data/linux/prod_16_10.cnf|13.842024326324463|99|0|0|6|FastDiagP_V3_1|solver_apps/org.sat4j.core.jar|[(12081, [1251]), (12099, [1235]), (12100, [246]), (12108, [1249]), (12113, [271]), (12146, [797]), (12179, [119]), (12191, [1495]), (12203, [1247]), (12216, [999]), (12241, [254]), (12242, [1010]), (12264, [-1227]), (12269, [-103]), (12270, [196]), (12272, [-115])]
./data/linux/prod_16_10.cnf|13.84755825996399|99|0|0|8|FastDiagP_V3_1|solver_apps/org.sat4j.core.jar|[(12081, [1251]), (12099, [1235]), (12100, [246]), (12108, [1249]), (12113, [271]), (12146, [797]), (12179, [119]), (12191, [1495]), (12203, [1247]), (12216, [999]), (12241, [254]), (12242, [1010]), (12264, [-1227]), (12269, [-103]), (12270, [196]), (12272, [-115])]
